date,IvCall30
2021-01-15,0.2389
2021-01-14,0.2335
2021-01-13,0.2379
2021-01-12,0.2392
2021-01-11,0.2409
2021-01-08,0.2397
2021-01-07,0.2559
2021-01-06,0.2402
2021-01-05,0.247
2021-01-04,0.2508
2020-12-31,0.2144
2020-12-30,0.2134
2020-12-29,0.2167
2020-12-28,0.216
2020-12-24,0.2128
2020-12-23,0.2172
2020-12-22,0.2339
2020-12-21,0.2313
2020-12-18,0.206
2020-12-17,0.2002
2020-12-16,0.2098
2020-12-15,0.2086
2020-12-14,0.234
2020-12-11,0.244
2020-12-10,0.2145
2020-12-09,0.2121
2020-12-08,0.2173
2020-12-07,0.2096
2020-12-04,0.1945
2020-12-03,0.2103
2020-12-02,0.2005
2020-12-01,0.21
2020-11-30,0.1778
2020-11-29,0.2138
2020-11-28,0.2106
2020-11-27,0.2073
2020-11-26,0.2128
2020-11-25,0.2094
2020-11-24,0.2115
2020-11-23,0.2155
2020-11-20,0.221
2020-11-19,0.2274
2020-11-18,0.2364
2020-11-17,0.2161
2020-11-16,0.3846
2020-11-15,0.2437
2020-11-14,0.2384
2020-11-13,0.3566
2020-11-12,0.2502
2020-11-11,0.2339
2020-11-10,0.2476
2020-11-09,0.2396
2020-11-06,0.2369
2020-11-05,0.2624
2020-11-04,0.2985
2020-11-03,0.3285
2020-11-02,0.3455
2020-10-30,0.3686
2020-10-29,0.3486
2020-10-28,0.3686
2020-10-27,0.2996
2020-10-26,0.2919
2020-10-23,0.2647
2020-10-22,0.2736
2020-10-21,0.2913
2020-10-20,0.2718
2020-10-19,0.1992
2020-10-16,0.2547
2020-10-15,0.2685
2020-10-14,0.2661
2020-10-13,0.2679
2020-10-12,0.2675
2020-10-09,0.2649
2020-10-08,0.2739
2020-10-07,0.2848
2020-10-06,0.2917
2020-10-05,0.2783
2020-10-02,0.2728
2020-10-01,0.2689
2020-09-30,0.2585
2020-09-29,0.2603
2020-09-28,0.2598
2020-09-25,0.2729
2020-09-24,0.2779
2020-09-23,0.2798
2020-09-22,0.2599
2020-09-21,0.2781
2020-09-18,0.2236
2020-09-17,0.2166
2020-09-16,0.2125
2020-09-15,0.2201
2020-09-14,0.2166
2020-09-11,0.2311
2020-09-10,0.25
2020-09-09,0.2508
2020-09-08,0.2791
2020-09-04,0.2705
2020-09-03,0.2714
2020-09-02,0.229
2020-09-01,0.2361
2020-08-31,0.2306
2020-08-28,0.2105
2020-08-27,0.2198
2020-08-26,0.2085
2020-08-25,0.2033
2020-08-24,0.2168
2020-08-21,0.2173
2020-08-20,0.2211
2020-08-19,0.225
2020-08-18,0.2271
2020-08-17,0.2333
2020-08-14,0.2336
2020-08-13,0.2359
2020-08-12,0.2304
2020-08-11,0.2392
2020-08-10,0.2278
2020-08-07,0.2231
2020-08-06,0.222
2020-08-05,0.2192
2020-08-04,0.2248
2020-08-03,0.2389
2020-07-31,0.2389
2020-07-30,0.2448
2020-07-29,0.2299
2020-07-28,0.2504
2020-07-27,0.2545
2020-07-24,0.2536
2020-07-23,0.2491
2020-07-22,0.2596
2020-07-21,0.2643
2020-07-20,0.289
2020-07-17,0.2679
2020-07-16,0.2932
2020-07-15,0.3026
2020-07-14,0.3106
2020-07-13,0.3814
2020-07-10,0.3161
2020-07-09,0.3301
2020-07-08,0.3131
2020-07-07,0.3053
2020-07-06,0.3087
2020-07-02,0.286
2020-07-01,0.3094
2020-06-30,0.3255
2020-06-29,0.3583
2020-06-26,0.3772
2020-06-25,0.3549
2020-06-24,0.3786
2020-06-23,0.3178
2020-06-22,0.3391
2020-06-19,0.3279
2020-06-18,0.3322
2020-06-17,0.3658
2020-06-16,0.3593
2020-06-15,0.3814
2020-06-12,0.3794
2020-06-11,0.4084
2020-06-10,0.3029
2020-06-09,0.3007
2020-06-08,0.2788
2020-06-05,0.2762
2020-06-04,0.2656
2020-06-03,0.2934
2020-06-02,0.2789
2020-06-01,0.2797
2020-05-29,0.3131
2020-05-28,0.3074
2020-05-27,0.2705
2020-05-26,0.2974
2020-05-22,0.2948
2020-05-21,0.3057
2020-05-20,0.3214
2020-05-19,0.3306
2020-05-18,0.3112
2020-05-15,0.3623
2020-05-14,0.3607
2020-05-13,0.3597
2020-05-12,0.3168
2020-05-11,0.296
2020-05-08,0.2885
2020-05-07,0.322
2020-05-06,0.3444
2020-05-05,0.3515
2020-05-04,0.365
2020-05-01,0.3485
2020-04-30,0.3269
2020-04-29,0.2998
2020-04-28,0.3163
2020-04-27,0.3288
2020-04-24,0.3804
2020-04-23,0.4234
2020-04-22,0.4424
2020-04-21,0.4662
2020-04-20,0.4335
2020-04-17,0.4023
2020-04-16,0.4413
2020-04-15,0.4428
2020-04-14,0.4158
2020-04-13,0.4594
2020-04-09,0.4281
2020-04-08,0.4461
2020-04-07,0.4516
2020-04-06,0.4531
2020-04-03,0.4897
2020-04-02,0.5771
2020-04-01,0.6129
2020-03-31,0.4906
2020-03-30,0.6219
2020-03-27,0.6839
2020-03-26,0.5541
2020-03-25,0.6271
2020-03-24,0.5896
2020-03-23,0.7253
2020-03-20,0.7042
2020-03-19,0.7666
2020-03-18,0.7243
2020-03-17,0.6714
2020-03-16,0.8761
2020-03-13,0.6628
2020-03-12,0.7705
2020-03-11,0.5752
2020-03-10,0.4965
2020-03-09,0.5802
2020-03-06,0.4379
2020-03-05,0.3571
2020-03-04,0.2103
2020-03-03,0.305
2020-03-02,0.4561
2020-02-28,0.4488
2020-02-27,0.3322
2020-02-26,0.2604
2020-02-25,0.2851
2020-02-24,0.2693
2020-02-21,0.1694
2020-02-20,0.1512
2020-02-19,0.1456
2020-02-18,0.1484
2020-02-14,0.1455
2020-02-13,0.162
2020-02-12,0.1436
2020-02-11,0.1534
2020-02-10,0.1552
2020-02-07,0.1527
2020-02-06,0.1388
2020-02-05,0.1224
2020-02-04,0.1978
2020-02-03,0.2078
2020-01-31,0.2816
2020-01-30,0.1675
2020-01-29,0.2307
2020-01-28,0.2
2020-01-27,0.1844
2020-01-24,0.1606
2020-01-23,0.1154
2020-01-22,0.1411
2020-01-21,0.1341
2020-01-17,0.1118
2020-01-16,0.1176
2020-01-15,0.1431
2020-01-14,0.2464
2020-01-13,0.2526
2020-01-10,0.1941
2020-01-09,0.1831
2020-01-08,0.1811
2020-01-07,0.1257
2020-01-06,0.1777
2020-01-03,0.2696
2020-01-02,0.0959
2019-12-31,0.1435
2019-12-30,0.1441
2019-12-27,0.1231
2019-12-26,0.1704
2019-12-24,0.1211
2019-12-23,0.1151
2019-12-20,0.1204
2019-12-19,0.1128
2019-12-18,0.0964
2019-12-17,0.1056
2019-12-16,0.0952
2019-12-13,0.1018
2019-12-12,0.1153
2019-12-11,0.1129
2019-12-10,0.1207
2019-12-09,0.0897
2019-12-06,0.1174
2019-12-05,0.1291
2019-12-04,0.124
2019-12-03,0.1461
2019-12-02,0.1155
2019-11-29,0.118
2019-11-27,0.1274
2019-11-26,0.1101
2019-11-25,0.1339
2019-11-22,0.1287
2019-11-21,0.1639
2019-11-20,0.1054
2019-11-19,0.1278
2019-11-18,0.1279
2019-11-15,0.1191
2019-11-14,0.14
2019-11-13,0.1439
2019-11-12,0.1431
2019-11-11,0.1231
2019-11-08,0.1272
2019-11-07,0.1323
2019-11-06,0.1262
2019-11-05,0.1282
2019-11-04,0.1332
2019-11-01,0.1191
2019-10-31,0.1322
2019-10-30,0.1294
2019-10-29,0.1335
2019-10-28,0.1398
2019-10-25,0.1374
2019-10-24,0.1444
2019-10-23,0.1473
2019-10-22,0.1506
2019-10-21,0.1379
2019-10-18,0.1426
2019-10-17,0.1433
2019-10-16,0.1504
2019-10-15,0.1534
2019-10-14,0.1619
2019-10-11,0.2927
2019-10-10,0.1878
2019-10-09,0.2733
2019-10-08,0.2834
2019-10-07,0.166
2019-10-04,0.2017
2019-10-03,0.1753
2019-10-02,0.2477
2019-10-01,0.1996
2019-09-30,0.1884
2019-09-27,0.229
2019-09-26,0.1482
2019-09-25,0.1741
2019-09-24,0.1907
2019-09-23,0.1465
2019-09-20,0.1526
2019-09-19,0.149
2019-09-18,0.1382
2019-09-17,0.15
2019-09-16,0.1445
2019-09-13,0.129
2019-09-12,0.129
2019-09-11,0.1484
2019-09-10,0.1176
2019-09-09,0.1314
2019-09-06,0.1039
2019-09-05,0.1263
2019-09-04,0.1597
2019-09-03,0.1643
2019-08-30,0.1662
2019-08-29,0.1465
2019-08-28,0.2437
2019-08-27,0.1959
2019-08-26,0.2245
2019-08-23,0.1898
2019-08-22,0.2602
2019-08-21,0.1713
2019-08-20,0.2081
2019-08-19,0.2115
2019-08-16,0.2557
2019-08-15,0.2328
2019-08-14,0.2896
2019-08-13,0.1987
2019-08-12,0.1632
2019-08-09,0.1806
2019-08-08,0.149
2019-08-07,0.2075
2019-08-06,0.2326
2019-08-05,0.2056
2019-08-02,0.2057
2019-08-01,0.1998
2019-07-31,0.1853
2019-07-30,0.1316
2019-07-29,0.1378
2019-07-26,0.133
2019-07-25,0.1805
2019-07-24,0.1511
2019-07-23,0.1429
2019-07-22,0.1388
2019-07-19,0.1554
2019-07-18,0.1408
2019-07-17,0.1587
2019-07-16,0.1225
2019-07-15,0.1303
2019-07-12,0.1227
2019-07-11,0.1334
2019-07-10,0.1435
2019-07-09,0.1392
2019-07-08,0.1602
2019-07-05,0.1122
2019-07-03,0.1339
2019-07-02,0.1442
2019-07-01,0.1426
2019-06-28,0.2396
2019-06-27,0.1399
2019-06-26,0.1714
2019-06-25,0.3156
2019-06-24,0.1775
2019-06-21,0.1551
2019-06-20,0.133
2019-06-19,0.134
2019-06-18,0.1417
2019-06-17,0.1521
2019-06-14,0.1425
2019-06-13,0.147
2019-06-12,0.1473
2019-06-11,0.1548
2019-06-10,0.1759
2019-06-07,0.1504
2019-06-06,0.1554
2019-06-05,0.1688
2019-06-04,0.1638
2019-06-03,0.1884
2019-05-31,0.1855
2019-05-30,0.1827
2019-05-29,0.1769
2019-05-28,0.1789
2019-05-24,0.1779
2019-05-23,0.1706
2019-05-22,0.1576
2019-05-21,0.1501
2019-05-20,0.1817
2019-05-17,0.1716
2019-05-16,0.1593
2019-05-15,0.1765
2019-05-14,0.193
2019-05-13,0.2018
2019-05-10,0.1768
2019-05-09,0.2193
2019-05-08,0.2024
2019-05-07,0.2503
2019-05-06,0.1546
2019-05-03,0.1407
2019-05-02,0.1368
2019-05-01,0.146
2019-04-30,0.1409
2019-04-29,0.1378
2019-04-26,0.1378
2019-04-25,0.1465
2019-04-24,0.128
2019-04-23,0.1341
2019-04-22,0.1326
2019-04-18,0.1313
2019-04-17,0.1265
2019-04-16,0.1426
2019-04-15,0.1415
2019-04-12,0.1358
2019-04-11,0.1372
2019-04-10,0.1488
2019-04-09,0.1523
2019-04-08,0.1394
2019-04-05,0.1281
2019-04-04,0.1497
2019-04-03,0.1467
2019-04-02,0.1335
2019-04-01,0.1394
2019-03-29,0.1412
2019-03-28,0.1522
2019-03-27,0.1608
2019-03-26,0.1563
2019-03-25,0.1773
2019-03-22,0.1551
2019-03-21,0.143
2019-03-20,0.1335
2019-03-19,0.1348
2019-03-18,0.1377
2019-03-15,0.1524
2019-03-14,0.1328
2019-03-13,0.1349
2019-03-12,0.1168
2019-03-11,0.1213
2019-03-08,0.1463
2019-03-07,0.1496
2019-03-06,0.139
2019-03-05,0.1408
2019-03-04,0.1258
2019-03-01,0.1244
2019-02-28,0.136
2019-02-27,0.1328
2019-02-26,0.1315
2019-02-25,0.1342
2019-02-22,0.1252
2019-02-21,0.1396
2019-02-20,0.1302
2019-02-19,0.1373
2019-02-15,0.1418
2019-02-14,0.1496
2019-02-13,0.1423
2019-02-12,0.1518
2019-02-11,0.1549
2019-02-08,0.1571
2019-02-07,0.1613
2019-02-06,0.1486
2019-02-05,0.1472
2019-02-04,0.1472
2019-02-01,0.1677
2019-01-31,0.1782
2019-01-30,0.1799
2019-01-29,0.188
2019-01-28,0.1498
2019-01-25,0.1819
2019-01-24,0.1762
2019-01-23,0.1936
2019-01-22,0.1959
2019-01-18,0.1647
2019-01-17,0.176
2019-01-16,0.1781
2019-01-15,0.1821
2019-01-14,0.1844
2019-01-11,0.193
2019-01-10,0.2596
2019-01-09,0.2238
2019-01-08,0.2171
2019-01-07,0.2364
2019-01-04,0.2434
2019-01-03,0.2657
2019-01-02,0.2414
2018-12-31,0.2685
2018-12-28,0.2811
2018-12-27,0.2982
2018-12-26,0.3143
2018-12-24,0.311
2018-12-21,0.2866
2018-12-20,0.2518
2018-12-19,0.2148
2018-12-18,0.2063
2018-12-17,0.2259
2018-12-14,0.1982
2018-12-13,0.18
2018-12-12,0.1914
2018-12-11,0.2065
2018-12-10,0.2107
2018-12-07,0.212
2018-12-06,0.1862
2018-12-04,0.1939
2018-12-03,0.138
2018-11-30,0.1714
2018-11-29,0.1717
2018-11-28,0.1393
2018-11-27,0.1842
2018-11-26,0.1848
2018-11-23,0.2065
2018-11-21,0.2009
2018-11-20,0.223
2018-11-19,0.2125
2018-11-16,0.1974
2018-11-15,0.2084
2018-11-14,0.208
2018-11-13,0.2097
2018-11-12,0.2125
2018-11-09,0.1799
2018-11-08,0.175
2018-11-07,0.1752
2018-11-06,0.2104
2018-11-05,0.2119
2018-11-02,0.2103
2018-11-01,0.2052
2018-10-31,0.2211
2018-10-30,0.2448
2018-10-29,0.2665
2018-10-26,0.2555
2018-10-25,0.2308
2018-10-24,0.2528
2018-10-23,0.208
2018-10-22,0.1965
2018-10-19,0.1917
2018-10-18,0.1959
2018-10-17,0.1746
2018-10-16,0.1765
2018-10-15,0.2022
2018-10-12,0.2166
2018-10-11,0.2377
2018-10-10,0.2149
2018-10-09,0.1493
2018-10-08,0.1511
2018-10-05,0.1495
2018-10-04,0.1456
2018-10-03,0.1236
2018-10-02,0.1248
2018-10-01,0.1264
2018-09-28,0.1259
2018-09-27,0.1253
2018-09-26,0.1258
2018-09-25,0.1356
2018-09-24,0.127
2018-09-21,0.1165
2018-09-20,0.0987
2018-09-19,0.1026
2018-09-18,0.1051
2018-09-17,0.1056
2018-09-14,0.0971
2018-09-13,0.1018
2018-09-12,0.1063
2018-09-11,0.1094
2018-09-10,0.1123
2018-09-07,0.1179
2018-09-06,0.1156
2018-09-05,0.114
2018-09-04,0.1156
2018-08-31,0.1126
2018-08-30,0.1148
2018-08-29,0.1089
2018-08-28,0.1132
2018-08-27,0.1139
2018-08-24,0.1176
2018-08-23,0.124
2018-08-22,0.1271
2018-08-21,0.1233
2018-08-20,0.1233
2018-08-17,0.1296
2018-08-16,0.1284
2018-08-15,0.1444
2018-08-14,0.1325
2018-08-13,0.1442
2018-08-10,0.1315
2018-08-09,0.1189
2018-08-08,0.1175
2018-08-07,0.1195
2018-08-06,0.1291
2018-08-03,0.1311
2018-08-02,0.1396
2018-08-01,0.1501
2018-07-31,0.136
2018-07-30,0.1451
2018-07-27,0.1317
2018-07-26,0.1344
2018-07-25,0.1317
2018-07-24,0.1429
2018-07-23,0.1407
2018-07-20,0.1341
2018-07-19,0.1388
2018-07-18,0.1362
2018-07-17,0.1441
2018-07-16,0.1443
2018-07-13,0.1422
2018-07-12,0.256
2018-07-11,0.1623
2018-07-10,0.1474
2018-07-09,0.1501
2018-07-06,0.1529
2018-07-05,0.1656
2018-07-03,0.1675
2018-07-02,0.168
2018-06-29,0.164
2018-06-28,0.1782
2018-06-27,0.1788
2018-06-26,0.1637
2018-06-25,0.1787
2018-06-22,0.1488
2018-06-21,0.1629
2018-06-20,0.1459
2018-06-19,0.1527
2018-06-18,0.1347
2018-06-15,0.1266
2018-06-14,0.106
2018-06-13,0.1069
2018-06-12,0.1064
2018-06-11,0.1078
2018-06-08,0.1038
2018-06-07,0.1052
2018-06-06,0.104
2018-06-05,0.1106
2018-06-04,0.114
2018-06-01,0.1155
2018-05-31,0.1266
2018-05-30,0.1249
2018-05-29,0.142
2018-05-25,0.1154
2018-05-24,0.118
2018-05-23,0.1222
2018-05-22,0.1239
2018-05-21,0.1216
2018-05-18,0.122
2018-05-17,0.1259
2018-05-16,0.1312
2018-05-15,0.1392
2018-05-14,0.1331
2018-05-11,0.1364
2018-05-10,0.1425
2018-05-09,0.1484
2018-05-08,0.1596
2018-05-07,0.1627
2018-05-04,0.1619
2018-05-03,0.1738
2018-05-02,0.1708
2018-05-01,0.1734
2018-04-30,0.1703
2018-04-27,0.1671
2018-04-26,0.1749
2018-04-25,0.183
2018-04-24,0.1838
2018-04-23,0.1586
2018-04-20,0.1567
2018-04-19,0.1416
2018-04-18,0.1471
2018-04-17,0.1485
2018-04-16,0.1596
2018-04-13,0.1757
2018-04-12,0.1785
2018-04-11,0.1974
2018-04-10,0.1934
2018-04-09,0.2045
2018-04-06,0.2112
2018-04-05,0.1797
2018-04-04,0.199
2018-04-03,0.2032
2018-04-02,0.2254
2018-03-29,0.1898
2018-03-28,0.2205
2018-03-27,0.2158
2018-03-26,0.1969
2018-03-23,0.2364
2018-03-22,0.1992
2018-03-21,0.162
2018-03-20,0.1627
2018-03-19,0.1707
2018-03-16,0.1456
2018-03-15,0.1394
2018-03-14,0.1472
2018-03-13,0.1418
2018-03-12,0.1363
2018-03-09,0.1273
2018-03-08,0.1471
2018-03-07,0.1538
2018-03-06,0.1549
2018-03-05,0.1566
2018-03-02,0.1725
2018-03-01,0.1777
2018-02-28,0.1596
2018-02-27,0.1585
2018-02-26,0.1438
2018-02-23,0.1383
2018-02-22,0.1601
2018-02-21,0.1606
2018-02-20,0.1674
2018-02-16,0.1612
2018-02-15,0.1599
2018-02-14,0.1596
2018-02-13,0.1915
2018-02-12,0.1952
2018-02-09,0.2365
2018-02-08,0.2414
2018-02-07,0.1815
2018-02-06,0.2379
2018-02-05,0.2008
2018-02-02,0.1594
2018-02-01,0.1401
2018-01-31,0.1471
2018-01-30,0.1482
2018-01-29,0.1442
2018-01-26,0.1261
2018-01-25,0.13
2018-01-24,0.1252
2018-01-23,0.1165
2018-01-22,0.1166
2018-01-19,0.1135
2018-01-18,0.1173
2018-01-17,0.1261
2018-01-16,0.1286
2018-01-12,0.1092
2018-01-11,0.1044
2018-01-10,0.1018
2018-01-09,0.1015
2018-01-08,0.1011
2018-01-05,0.0967
2018-01-04,0.0982
2018-01-03,0.0979
2018-01-02,0.0975
2017-12-29,0.1082
2017-12-28,0.1016
2017-12-27,0.1061
2017-12-26,0.1093
2017-12-22,0.1004
2017-12-21,0.1034
2017-12-20,0.1082
2017-12-19,0.1109
2017-12-18,0.1068
2017-12-15,0.1056
2017-12-14,0.0859
2017-12-13,0.0833
2017-12-12,0.0835
2017-12-11,0.091
2017-12-08,0.0851
2017-12-07,0.0961
2017-12-06,0.1063
2017-12-05,0.1235
2017-12-04,0.1142
2017-12-01,0.12
2017-11-30,0.0949
2017-11-29,0.0807
2017-11-28,0.0777
2017-11-27,0.0784
2017-11-24,0.0812
2017-11-22,0.0797
2017-11-21,0.0794
2017-11-20,0.0901
2017-11-17,0.097
2017-11-16,0.0976
2017-11-15,0.113
2017-11-14,0.1097
2017-11-13,0.1061
2017-11-10,0.1049
2017-11-09,0.1074
2017-11-08,0.1006
2017-11-07,0.1006
2017-11-06,0.1031
2017-11-03,0.105
2017-11-02,0.1073
2017-11-01,0.1133
2017-10-31,0.1152
2017-10-30,0.1151
2017-10-27,0.11
2017-10-26,0.1115
2017-10-25,0.1102
2017-10-24,0.098
2017-10-23,0.0958
2017-10-20,0.0892
2017-10-19,0.0908
2017-10-18,0.093
2017-10-17,0.0956
2017-10-16,0.0959
2017-10-13,0.0968
2017-10-12,0.0946
2017-10-11,0.0977
2017-10-10,0.099
2017-10-09,0.098
2017-10-06,0.0936
2017-10-05,0.0929
2017-10-04,0.0959
2017-10-03,0.093
2017-10-02,0.0934
2017-09-29,0.0923
2017-09-28,0.0934
2017-09-27,0.0973
2017-09-26,0.0976
2017-09-25,0.097
2017-09-22,0.0892
2017-09-21,0.0864
2017-09-20,0.0896
2017-09-19,0.0905
2017-09-18,0.0895
2017-09-15,0.0897
2017-09-14,0.0733
2017-09-13,0.0751
2017-09-12,0.0765
2017-09-11,0.0803
2017-09-08,0.0877
2017-09-07,0.0888
2017-09-06,0.1125
2017-09-05,0.1009
2017-09-01,0.085
2017-08-31,0.0902
2017-08-30,0.0989
2017-08-29,0.1
2017-08-28,0.1047
2017-08-25,0.1043
2017-08-24,0.1119
2017-08-23,0.1096
2017-08-22,0.1
2017-08-21,0.116
2017-08-18,0.1208
2017-08-17,0.1165
2017-08-16,0.0938
2017-08-15,0.1052
2017-08-14,0.102
2017-08-11,0.1294
2017-08-10,0.1303
2017-08-09,0.1028
2017-08-08,0.1006
2017-08-07,0.0953
2017-08-04,0.0896
2017-08-03,0.0908
2017-08-02,0.0975
2017-08-01,0.097
2017-07-31,0.1004
2017-07-28,0.0992
2017-07-27,0.1021
2017-07-26,0.0987
2017-07-25,0.1006
2017-07-24,0.1011
2017-07-21,0.0986
2017-07-20,0.0987
2017-07-19,0.0985
2017-07-18,0.1015
2017-07-17,0.1019
2017-07-14,0.1015
2017-07-13,0.1051
2017-07-12,0.1119
2017-07-11,0.1165
2017-07-10,0.1124
2017-07-07,0.1108
2017-07-06,0.1212
2017-07-05,0.109
2017-07-03,0.1091
2017-06-30,0.1096
2017-06-29,0.1127
2017-06-28,0.1113
2017-06-27,0.1181
2017-06-26,0.1062
2017-06-23,0.1061
2017-06-22,0.1091
2017-06-21,0.1079
2017-06-20,0.1021
2017-06-19,0.0964
2017-06-16,0.1
2017-06-15,0.0804
2017-06-14,0.0784
2017-06-13,0.0782
2017-06-12,0.084
2017-06-09,0.0849
2017-06-08,0.0973
2017-06-07,0.0887
2017-06-06,0.0913
2017-06-05,0.0871
2017-06-02,0.0826
2017-06-01,0.0903
2017-05-31,0.0901
2017-05-30,0.0925
2017-05-26,0.0979
2017-05-25,0.0918
2017-05-24,0.0994
2017-05-23,0.1058
2017-05-22,0.1026
2017-05-19,0.1161
2017-05-18,0.1297
2017-05-17,0.1422
2017-05-16,0.1036
2017-05-15,0.1055
2017-05-12,0.1058
2017-05-11,0.103
2017-05-10,0.1029
2017-05-09,0.1027
2017-05-08,0.1018
2017-05-05,0.1029
2017-05-04,0.1033
2017-05-03,0.1055
2017-05-02,0.1068
2017-05-01,0.1139
2017-04-28,0.1103
2017-04-27,0.1094
2017-04-26,0.1133
2017-04-25,0.1132
2017-04-24,0.1155
2017-04-21,0.1489
2017-04-20,0.1432
2017-04-19,0.1477
2017-04-18,0.1515
2017-04-17,0.1449
2017-04-13,0.1648
2017-04-12,0.1655
2017-04-11,0.1477
2017-04-10,0.1356
2017-04-07,0.1308
2017-04-06,0.1296
2017-04-05,0.1366
2017-04-04,0.1198
2017-04-03,0.1258
2017-03-31,0.1274
2017-03-30,0.1082
2017-03-29,0.1198
2017-03-28,0.1198
2017-03-27,0.1303
2017-03-24,0.1417
2017-03-23,0.1262
2017-03-22,0.119
2017-03-21,0.1293
2017-03-20,0.1105
2017-03-17,0.1062
2017-03-16,0.0953
2017-03-15,0.0902
2017-03-14,0.123
2017-03-13,0.0961
2017-03-10,0.0938
2017-03-09,0.1054
2017-03-08,0.1089
2017-03-07,0.0984
2017-03-06,0.1005
2017-03-03,0.0997
2017-03-02,0.1094
2017-03-01,0.1045
2017-02-28,0.1138
2017-02-27,0.1082
2017-02-24,0.104
2017-02-23,0.1082
2017-02-22,0.1059
2017-02-21,0.0954
2017-02-17,0.1026
2017-02-16,0.1084
2017-02-15,0.1229
2017-02-14,0.1193
2017-02-13,0.1175
2017-02-10,0.1085
2017-02-09,0.1117
2017-02-08,0.1147
2017-02-07,0.1145
2017-02-06,0.1109
2017-02-03,0.1134
2017-02-02,0.1201
2017-02-01,0.1202
2017-01-31,0.1282
2017-01-30,0.1222
2017-01-27,0.1114
2017-01-26,0.1225
2017-01-25,0.1114
2017-01-24,0.1142
2017-01-23,0.1218
2017-01-20,0.1134
2017-01-19,0.1291
2017-01-18,0.1237
2017-01-17,0.1254
2017-01-13,0.1195
2017-01-12,0.1229
2017-01-11,0.1191
2017-01-10,0.1224
2017-01-09,0.1304
2017-01-06,0.121
2017-01-05,0.1312
2017-01-04,0.1332
2017-01-03,0.1453
2016-12-30,0.1442
2016-12-29,0.139
2016-12-28,0.1377
2016-12-27,0.122
2016-12-23,0.1237
2016-12-22,0.1305
2016-12-21,0.1222
2016-12-20,0.1223
2016-12-19,0.1249
2016-12-16,0.1289
2016-12-15,0.1311
2016-12-14,0.1416
2016-12-13,0.115
2016-12-12,0.1342
2016-12-09,0.1291
2016-12-08,0.1224
2016-12-07,0.1042
2016-12-06,0.1235
2016-12-05,0.1244
2016-12-02,0.1217
2016-12-01,0.124
2016-11-30,0.1098
2016-11-29,0.1264
2016-11-28,0.1226
2016-11-25,0.1184
2016-11-23,0.1194
2016-11-22,0.106
2016-11-21,0.1059
2016-11-18,0.1282
2016-11-17,0.1299
2016-11-16,0.1365
2016-11-15,0.1403
2016-11-14,0.1497
2016-11-11,0.1464
2016-11-10,0.141
2016-11-09,0.1449
2016-11-08,0.1605
2016-11-07,0.1509
2016-11-04,0.1905
2016-11-03,0.178
2016-11-02,0.179
2016-11-01,0.165
2016-10-31,0.1627
2016-10-28,0.1554
2016-10-27,0.1408
2016-10-26,0.1343
2016-10-25,0.1275
2016-10-24,0.1308
2016-10-21,0.1337
2016-10-20,0.1381
2016-10-19,0.1398
2016-10-18,0.145
2016-10-17,0.1573
2016-10-14,0.158
2016-10-13,0.1539
2016-10-12,0.152
2016-10-11,0.1585
2016-10-10,0.1536
2016-10-07,0.1478
2016-10-06,0.1386
2016-10-05,0.1327
2016-10-04,0.1432
2016-10-03,0.128
2016-09-30,0.1283
2016-09-29,0.1516
2016-09-28,0.1185
2016-09-27,0.1309
2016-09-26,0.1368
2016-09-23,0.122
2016-09-22,0.1181
2016-09-21,0.1361
2016-09-20,0.149
2016-09-19,0.1512
2016-09-16,0.1767
2016-09-15,0.1651
2016-09-14,0.1722
2016-09-13,0.1625
2016-09-12,0.1572
2016-09-09,0.1577
2016-09-08,0.1115
2016-09-07,0.1131
2016-09-06,0.1349
2016-09-02,0.1273
2016-09-01,0.1313
2016-08-31,0.138
2016-08-30,0.1326
2016-08-29,0.1234
2016-08-26,0.1348
2016-08-25,0.1328
2016-08-24,0.1317
2016-08-23,0.1172
2016-08-22,0.1042
2016-08-19,0.1022
2016-08-18,0.1012
2016-08-17,0.1145
2016-08-16,0.1179
2016-08-15,0.1036
2016-08-12,0.1081
2016-08-11,0.11
2016-08-10,0.1219
2016-08-09,0.1156
2016-08-08,0.1106
2016-08-05,0.1227
2016-08-04,0.1266
2016-08-03,0.1301
2016-08-02,0.1453
2016-08-01,0.1292
2016-07-29,0.1305
2016-07-28,0.1264
2016-07-27,0.1081
2016-07-26,0.1284
2016-07-25,0.1333
2016-07-22,0.1177
2016-07-21,0.1315
2016-07-20,0.1259
2016-07-19,0.1234
2016-07-18,0.1227
2016-07-15,0.1271
2016-07-14,0.1285
2016-07-13,0.1255
2016-07-12,0.128
2016-07-11,0.128
2016-07-08,0.1252
2016-07-07,0.1505
2016-07-06,0.1539
2016-07-05,0.1603
2016-07-01,0.144
2016-06-30,0.1332
2016-06-29,0.1665
2016-06-28,0.1779
2016-06-27,0.2047
2016-06-24,0.2004
2016-06-23,0.1673
2016-06-22,0.1675
2016-06-21,0.1542
2016-06-20,0.1455
2016-06-17,0.1533
2016-06-16,0.1388
2016-06-15,0.1394
2016-06-14,0.1456
2016-06-13,0.1487
2016-06-10,0.1301
2016-06-09,0.1033
2016-06-08,0.0992
2016-06-07,0.0963
2016-06-06,0.0997
2016-06-03,0.1099
2016-06-02,0.1077
2016-06-01,0.1114
2016-05-31,0.1141
2016-05-27,0.1197
2016-05-26,0.1306
2016-05-25,0.12
2016-05-24,0.1303
2016-05-23,0.1405
2016-05-20,0.1515
2016-05-19,0.1659
2016-05-18,0.1514
2016-05-17,0.1499
2016-05-16,0.1438
2016-05-13,0.158
2016-05-12,0.1419
2016-05-11,0.1422
2016-05-10,0.1321
2016-05-09,0.1496
2016-05-06,0.1444
2016-05-05,0.1579
2016-05-04,0.1698
2016-05-03,0.1414
2016-05-02,0.1331
2016-04-29,0.1526
2016-04-28,0.1519
2016-04-27,0.1336
2016-04-26,0.1439
2016-04-25,0.1399
2016-04-22,0.1408
2016-04-21,0.1578
2016-04-20,0.1364
2016-04-19,0.1273
2016-04-18,0.1379
2016-04-15,0.1287
2016-04-14,0.1368
2016-04-13,0.149
2016-04-12,0.1591
2016-04-11,0.174
2016-04-08,0.1645
2016-04-07,0.1631
2016-04-06,0.1392
2016-04-05,0.1631
2016-04-04,0.1479
2016-04-01,0.124
2016-03-31,0.1425
2016-03-30,0.149
2016-03-29,0.1419
2016-03-28,0.1508
2016-03-24,0.1511
2016-03-23,0.1458
2016-03-22,0.1353
2016-03-21,0.1158
2016-03-18,0.1259
2016-03-17,0.1092
2016-03-16,0.131
2016-03-15,0.1235
2016-03-14,0.1277
2016-03-11,0.1286
2016-03-10,0.1475
2016-03-09,0.1519
2016-03-08,0.1662
2016-03-07,0.128
2016-03-04,0.1386
2016-03-03,0.1324
2016-03-02,0.1381
2016-03-01,0.1486
2016-02-29,0.188
2016-02-26,0.1659
2016-02-25,0.1699
2016-02-24,0.1937
2016-02-23,0.1719
2016-02-22,0.1519
2016-02-19,0.1753
2016-02-18,0.1882
2016-02-17,0.1914
2016-02-16,0.2036
2016-02-12,0.2298
2016-02-11,0.2679
2016-02-10,0.2415
2016-02-09,0.2436
2016-02-08,0.2529
2016-02-05,0.217
2016-02-04,0.1893
2016-02-03,0.2002
2016-02-02,0.2091
2016-02-01,0.1768
2016-01-29,0.1759
2016-01-28,0.1942
2016-01-27,0.2083
2016-01-26,0.2013
2016-01-25,0.2227
2016-01-22,0.2053
2016-01-21,0.2377
2016-01-20,0.2487
2016-01-19,0.2234
2016-01-15,0.2456
2016-01-14,0.2198
2016-01-13,0.2332
2016-01-12,0.1887
2016-01-11,0.2115
2016-01-08,0.2257
2016-01-07,0.2194
2016-01-06,0.196
2016-01-05,0.1736
2016-01-04,0.1905
2015-12-31,0.1619
2015-12-30,0.1459
2015-12-29,0.142
2015-12-28,0.1465
2015-12-24,0.1331
2015-12-23,0.1294
2015-12-22,0.1512
2015-12-21,0.169
2015-12-18,0.175
2015-12-17,0.1304
2015-12-16,0.1306
2015-12-15,0.16
2015-12-14,0.1572
2015-12-11,0.178
2015-12-10,0.1424
2015-12-09,0.1446
2015-12-08,0.1368
2015-12-07,0.1306
2015-12-04,0.1076
2015-12-03,0.1456
2015-12-02,0.1296
2015-12-01,0.113
2015-11-30,0.1237
2015-11-27,0.1224
2015-11-25,0.1209
2015-11-24,0.1212
2015-11-23,0.1279
2015-11-20,0.1337
2015-11-19,0.1478
2015-11-18,0.1447
2015-11-17,0.1687
2015-11-16,0.1606
2015-11-13,0.1733
2015-11-12,0.1714
2015-11-11,0.151
2015-11-10,0.1466
2015-11-09,0.1555
2015-11-06,0.1284
2015-11-05,0.1344
2015-11-04,0.1455
2015-11-03,0.138
2015-11-02,0.1363
2015-10-30,0.1419
2015-10-29,0.1426
2015-10-28,0.1462
2015-10-27,0.1548
2015-10-26,0.1498
2015-10-23,0.1315
2015-10-22,0.1351
2015-10-21,0.1528
2015-10-20,0.1432
2015-10-19,0.1475
2015-10-16,0.1502
2015-10-15,0.1547
2015-10-14,0.1982
2015-10-13,0.169
2015-10-12,0.1598
2015-10-09,0.1576
2015-10-08,0.1614
2015-10-07,0.1625
2015-10-06,0.1717
2015-10-05,0.1693
2015-10-02,0.1663
2015-10-01,0.2171
2015-09-30,0.209
2015-09-29,0.2406
2015-09-28,0.2466
2015-09-25,0.2142
2015-09-24,0.2073
2015-09-23,0.2042
2015-09-22,0.2014
2015-09-21,0.1879
2015-09-18,0.1592
2015-09-17,0.1517
2015-09-16,0.1576
2015-09-15,0.1707
2015-09-14,0.1897
2015-09-11,0.1751
2015-09-10,0.1843
2015-09-09,0.2023
2015-09-08,0.1712
2015-09-04,0.2244
2015-09-03,0.1958
2015-09-02,0.1906
2015-09-01,0.2679
2015-08-31,0.2071
2015-08-28,0.1979
2015-08-27,0.1955
2015-08-26,0.235
2015-08-25,0.3013
2015-08-24,0.3038
2015-08-21,0.2773
2015-08-20,0.1699
2015-08-19,0.1438
2015-08-18,0.138
2015-08-17,0.1326
2015-08-14,0.1269
2015-08-13,0.1426
2015-08-12,0.1464
2015-08-11,0.1386
2015-08-10,0.1224
2015-08-07,0.142
2015-08-06,0.1407
2015-08-05,0.127
2015-08-04,0.1149
2015-08-03,0.1307
2015-07-31,0.1226
2015-07-30,0.1158
2015-07-29,0.1202
2015-07-28,0.1294
2015-07-27,0.1601
2015-07-24,0.1555
2015-07-23,0.1359
2015-07-22,0.1239
2015-07-21,0.1336
2015-07-20,0.1219
2015-07-17,0.119
2015-07-16,0.1157
2015-07-15,0.142
2015-07-14,0.1296
2015-07-13,0.1327
2015-07-10,0.1573
2015-07-09,0.1738
2015-07-08,0.1772
2015-07-07,0.1528
2015-07-06,0.1747
2015-07-02,0.1627
2015-07-01,0.1577
2015-06-30,0.1693
2015-06-29,0.1717
2015-06-26,0.1308
2015-06-25,0.136
2015-06-24,0.1319
2015-06-23,0.121
2015-06-22,0.1121
2015-06-19,0.1323
2015-06-18,0.0997
2015-06-17,0.107
2015-06-16,0.1178
2015-06-15,0.1186
2015-06-12,0.1035
2015-06-11,0.094
2015-06-10,0.108
2015-06-09,0.1192
2015-06-08,0.1217
2015-06-05,0.114
2015-06-04,0.1255
2015-06-03,0.1118
2015-06-02,0.1116
2015-06-01,0.2103
2015-05-29,0.1182
2015-05-28,0.1123
2015-05-27,0.1102
2015-05-26,0.1209
2015-05-22,0.1083
2015-05-21,0.108
2015-05-20,0.1189
2015-05-19,0.1152
2015-05-18,0.1149
2015-05-15,0.1169
2015-05-14,0.1223
2015-05-13,0.1338
2015-05-12,0.134
2015-05-11,0.1267
2015-05-08,0.121
2015-05-07,0.1414
2015-05-06,0.1473
2015-05-05,0.1482
2015-05-04,0.1318
2015-05-01,0.124
2015-04-30,0.1492
2015-04-29,0.1321
2015-04-28,0.1187
2015-04-27,0.1383
2015-04-24,0.1258
2015-04-23,0.1238
2015-04-22,0.122
2015-04-21,0.1313
2015-04-20,0.126
2015-04-17,0.1445
2015-04-16,0.1384
2015-04-15,0.1378
2015-04-14,0.1458
2015-04-13,0.144
2015-04-10,0.1352
2015-04-09,0.1345
2015-04-08,0.1421
2015-04-07,0.1647
2015-04-06,0.1464
2015-04-02,0.146
2015-04-01,0.1605
2015-03-31,0.1556
2015-03-30,0.1375
2015-03-27,0.147
2015-03-26,0.1553
2015-03-25,0.156
2015-03-24,0.1422
2015-03-23,0.1338
2015-03-20,0.1353
2015-03-19,0.1163
2015-03-18,0.0831
2015-03-17,0.132
2015-03-16,0.1202
2015-03-13,0.1465
2015-03-12,0.142
2015-03-11,0.1605
2015-03-10,0.1525
2015-03-09,0.1355
2015-03-06,0.1443
2015-03-05,0.1242
2015-03-04,0.1297
2015-03-03,0.1286
2015-03-02,0.1039
2015-02-27,0.1473
2015-02-26,0.1418
2015-02-25,0.1267
2015-02-24,0.1173
2015-02-23,0.1352
2015-02-20,0.126
2015-02-19,0.1303
2015-02-18,0.119
2015-02-17,0.1435
2015-02-13,0.1106
2015-02-12,0.1167
2015-02-11,0.1483
2015-02-10,0.14
2015-02-09,0.1952
2015-02-06,0.1661
2015-02-05,0.1279
2015-02-04,0.1652
2015-02-03,0.0976
2015-02-02,0.1303
2015-01-30,0.1918
2015-01-29,0.1671
2015-01-28,0.201
2015-01-27,0.1714
2015-01-26,0.1514
2015-01-23,0.1619
2015-01-22,0.143
2015-01-21,0.1638
2015-01-20,0.1835
2015-01-16,0.1854
2015-01-15,0.2169
2015-01-14,0.1797
2015-01-13,0.1837
2015-01-12,0.1875
2015-01-09,0.1706
2015-01-08,0.1513
2015-01-07,0.1822
2015-01-06,0.2056
2015-01-05,0.1889
2015-01-02,0.1496
2014-12-31,0.1771
2014-12-30,0.1473
2014-12-29,0.1395
2014-12-26,0.1427
2014-12-24,0.1141
2014-12-23,0.1459
2014-12-22,0.1388
2014-12-19,0.1698
2014-12-18,0.1583
2014-12-17,0.1735
2014-12-16,0.2234
2014-12-15,0.1947
2014-12-12,0.2303
2014-12-11,0.1724
2014-12-10,0.1762
2014-12-09,0.1273
2014-12-08,0.1361
2014-12-05,0.1144
2014-12-04,0.1211
2014-12-03,0.118
2014-12-02,0.1228
2014-12-01,0.1372
2014-11-28,0.2081
2014-11-26,0.1082
2014-11-25,0.1116
2014-11-24,0.1094
2014-11-21,0.1141
2014-11-20,0.1213
2014-11-19,0.1295
2014-11-18,0.1281
2014-11-17,0.13
2014-11-14,0.1285
2014-11-13,0.1351
2014-11-12,0.1225
2014-11-11,0.1323
2014-11-10,0.1217
2014-11-07,0.1266
2014-11-06,0.1268
2014-11-05,0.1401
2014-11-04,0.1522
2014-11-03,0.1417
2014-10-31,0.1358
2014-10-30,0.1395
2014-10-29,0.1356
2014-10-28,0.1367
2014-10-27,0.1567
2014-10-24,0.153
2014-10-23,0.1597
2014-10-22,0.183
2014-10-21,0.1648
2014-10-20,0.184
2014-10-17,0.1981
2014-10-16,0.2291
2014-10-15,0.2066
2014-10-14,0.222
2014-10-13,0.2214
2014-10-10,0.1984
2014-10-09,0.1868
2014-10-08,0.1585
2014-10-07,0.1672
2014-10-06,0.1519
2014-10-03,0.1411
2014-10-02,0.1578
2014-10-01,0.1641
2014-09-30,0.1442
2014-09-29,0.1388
2014-09-26,0.1349
2014-09-25,0.1508
2014-09-24,0.1261
2014-09-23,0.1292
2014-09-22,0.1249
2014-09-19,0.1102
2014-09-18,0.0986
2014-09-17,0.1012
2014-09-16,0.1072
2014-09-15,0.1103
2014-09-12,0.1084
2014-09-11,0.1014
2014-09-10,0.0981
2014-09-09,0.1027
2014-09-08,0.1013
2014-09-05,0.0913
2014-09-04,0.1026
2014-09-03,0.1057
2014-09-02,0.1005
2014-08-29,0.0987
2014-08-28,0.0968
2014-08-27,0.0995
2014-08-26,0.1105
2014-08-25,0.1046
2014-08-22,0.1036
2014-08-21,0.1075
2014-08-20,0.1035
2014-08-19,0.1037
2014-08-18,0.1051
2014-08-15,0.1188
2014-08-14,0.1197
2014-08-13,0.122
2014-08-12,0.1397
2014-08-11,0.1416
2014-08-08,0.141
2014-08-07,0.1611
2014-08-06,0.1614
2014-08-05,0.1551
2014-08-04,0.1392
2014-08-01,0.1609
2014-07-31,0.1584
2014-07-30,0.132
2014-07-29,0.1398
2014-07-28,0.1261
2014-07-25,0.1227
2014-07-24,0.1203
2014-07-23,0.1344
2014-07-22,0.1117
2014-07-21,0.1172
2014-07-18,0.1132
2014-07-17,0.1015
2014-07-16,0.1122
2014-07-15,0.1142
2014-07-14,0.1146
2014-07-11,0.1169
2014-07-10,0.1272
2014-07-09,0.1172
2014-07-08,0.1219
2014-07-07,0.1157
2014-07-03,0.1321
2014-07-02,0.1142
2014-07-01,0.1122
2014-06-30,0.1185
2014-06-27,0.11
2014-06-26,0.1121
2014-06-25,0.1139
2014-06-24,0.1173
2014-06-23,0.1089
2014-06-20,0.1025
2014-06-19,0.1152
2014-06-18,0.1012
2014-06-17,0.1136
2014-06-16,0.1124
2014-06-13,0.1068
2014-06-12,0.113
2014-06-11,0.1005
2014-06-10,0.0965
2014-06-09,0.1004
2014-06-06,0.0968
2014-06-05,0.106
2014-06-04,0.1104
2014-06-03,0.1085
2014-06-02,0.1086
2014-05-30,0.108
2014-05-29,0.1051
2014-05-28,0.1131
2014-05-27,0.1096
2014-05-23,0.106
2014-05-22,0.1149
2014-05-21,0.1146
2014-05-20,0.1259
2014-05-19,0.119
2014-05-16,0.1204
2014-05-15,0.1256
2014-05-14,0.1201
2014-05-13,0.1215
2014-05-12,0.1168
2014-05-09,0.1227
2014-05-08,0.1298
2014-05-07,0.1311
2014-05-06,0.1337
2014-05-05,0.1244
2014-05-02,0.1284
2014-05-01,0.1263
2014-04-30,0.1305
2014-04-29,0.1331
2014-04-28,0.1374
2014-04-25,0.1388
2014-04-24,0.1337
2014-04-23,0.1326
2014-04-22,0.1334
2014-04-21,0.1334
2014-04-17,0.1263
2014-04-16,0.1402
2014-04-15,0.1591
2014-04-14,0.1662
2014-04-11,0.1759
2014-04-10,0.1659
2014-04-09,0.137
2014-04-08,0.1486
2014-04-07,0.1509
2014-04-04,0.1377
2014-04-03,0.1257
2014-04-02,0.1253
2014-04-01,0.1286
2014-03-31,0.13
2014-03-28,0.1415
2014-03-27,0.1458
2014-03-26,0.1437
2014-03-25,0.1359
2014-03-24,0.1468
2014-03-21,0.139
2014-03-20,0.134
2014-03-19,0.1453
2014-03-18,0.1417
2014-03-17,0.1478
2014-03-14,0.1667
2014-03-13,0.1518
2014-03-12,0.1361
2014-03-11,0.1391
2014-03-10,0.1342
2014-03-07,0.1291
2014-03-06,0.1312
2014-03-05,0.1328
2014-03-04,0.1337
2014-03-03,0.1472
2014-02-28,0.1415
2014-02-27,0.1266
2014-02-26,0.1295
2014-02-25,0.1343
2014-02-24,0.129
2014-02-21,0.1325
2014-02-20,0.1354
2014-02-19,0.1462
2014-02-18,0.134
2014-02-14,0.1351
2014-02-13,0.135
2014-02-12,0.1394
2014-02-11,0.1436
2014-02-10,0.1582
2014-02-07,0.1489
2014-02-06,0.1677
2014-02-05,0.1887
2014-02-04,0.1811
2014-02-03,0.2031
2014-01-31,0.172
2014-01-30,0.1495
2014-01-29,0.1667
2014-01-28,0.1513
2014-01-27,0.1666
2014-01-24,0.1649
2014-01-23,0.1295
2014-01-22,0.114
2014-01-21,0.1196
2014-01-17,0.1153
2014-01-16,0.118
2014-01-15,0.1198
2014-01-14,0.1238
2014-01-13,0.135
2014-01-10,0.1456
2014-01-09,0.121
2014-01-08,0.1277
2014-01-07,0.1235
2014-01-06,0.1344
2014-01-03,0.1295
2014-01-02,0.1373
2013-12-31,0.1266
2013-12-30,0.124
2013-12-27,0.1152
2013-12-26,0.1097
2013-12-24,0.1126
2013-12-23,0.1135
2013-12-20,0.1212
2013-12-19,0.1189
2013-12-18,0.1224
2013-12-17,0.1415
2013-12-16,0.1396
2013-12-13,0.1322
2013-12-12,0.1335
2013-12-11,0.1383
2013-12-10,0.1323
2013-12-09,0.1208
2013-12-06,0.1182
2013-12-05,0.1377
2013-12-04,0.1329
2013-12-03,0.1294
2013-12-02,0.1249
2013-11-29,0.1219
2013-11-27,0.1158
2013-11-26,0.1146
2013-11-25,0.1124
2013-11-22,0.1041
2013-11-21,0.1122
2013-11-20,0.1207
2013-11-19,0.123
2013-11-18,0.1167
2013-11-15,0.1107
2013-11-14,0.1205
2013-11-13,0.1187
2013-11-12,0.1227
2013-11-11,0.121
2013-11-08,0.1199
2013-11-07,0.1284
2013-11-06,0.1227
2013-11-05,0.1246
2013-11-04,0.1226
2013-11-01,0.1336
2013-10-31,0.1268
2013-10-30,0.1266
2013-10-29,0.1228
2013-10-28,0.1012
2013-10-25,0.1215
2013-10-24,0.1245
2013-10-23,0.1282
2013-10-22,0.1252
2013-10-21,0.1238
2013-10-18,0.1234
2013-10-17,0.1324
2013-10-16,0.1505
2013-10-15,0.1805
2013-10-14,0.16
2013-10-11,0.1634
2013-10-10,0.1683
2013-10-09,0.1923
2013-10-08,0.2053
2013-10-07,0.1916
2013-10-04,0.1597
2013-10-03,0.1754
2013-10-02,0.1616
2013-10-01,0.1641
2013-09-30,0.169
2013-09-27,0.1538
2013-09-26,0.1394
2013-09-25,0.1467
2013-09-24,0.1422
2013-09-23,0.1458
2013-09-20,0.1345
2013-09-19,0.1374
2013-09-18,0.1384
2013-09-17,0.1466
2013-09-16,0.141
2013-09-13,0.1362
2013-09-12,0.1446
2013-09-11,0.1328
2013-09-10,0.1488
2013-09-09,0.1493
2013-09-06,0.1521
2013-09-05,0.1529
2013-09-04,0.1511
2013-09-03,0.1606
2013-08-30,0.1677
2013-08-29,0.1571
2013-08-28,0.1559
2013-08-27,0.1611
2013-08-26,0.1359
2013-08-23,0.1327
2013-08-22,0.1387
2013-08-21,0.142
2013-08-20,0.1372
2013-08-19,0.1436
2013-08-16,0.1347
2013-08-15,0.1422
2013-08-14,0.1349
2013-08-13,0.1268
2013-08-12,0.1337
2013-08-09,0.1296
2013-08-08,0.1246
2013-08-07,0.1305
2013-08-06,0.1318
2013-08-05,0.1257
2013-08-02,0.1202
2013-08-01,0.1291
2013-07-31,0.1432
2013-07-30,0.1392
2013-07-29,0.1381
2013-07-26,0.1351
2013-07-25,0.1267
2013-07-24,0.1378
2013-07-23,0.1339
2013-07-22,0.1283
2013-07-19,0.133
2013-07-18,0.129
2013-07-17,0.1467
2013-07-16,0.1548
2013-07-15,0.1486
2013-07-12,0.1386
2013-07-11,0.1422
2013-07-10,0.145
2013-07-09,0.1466
2013-07-08,0.149
2013-07-05,0.1467
2013-07-03,0.1659
2013-07-02,0.1645
2013-07-01,0.156
2013-06-28,0.1623
2013-06-27,0.1627
2013-06-26,0.1725
2013-06-25,0.1836
2013-06-24,0.1965
2013-06-21,0.1862
2013-06-20,0.2043
2013-06-19,0.1695
2013-06-18,0.1572
2013-06-17,0.1656
2013-06-14,0.168
2013-06-13,0.1561
2013-06-12,0.1734
2013-06-11,0.1656
2013-06-10,0.1526
2013-06-07,0.1434
2013-06-06,0.1721
2013-06-05,0.1739
2013-06-04,0.1605
2013-06-03,0.15
2013-05-31,0.1491
2013-05-30,0.1414
2013-05-29,0.1433
2013-05-28,0.141
2013-05-24,0.1377
2013-05-23,0.1304
2013-05-22,0.134
2013-05-21,0.1269
2013-05-20,0.1238
2013-05-17,0.1175
2013-05-16,0.127
2013-05-15,0.1222
2013-05-14,0.1319
2013-05-13,0.1375
2013-05-10,0.1243
2013-05-09,0.1257
2013-05-08,0.1215
2013-05-07,0.1255
2013-05-06,0.1266
2013-05-03,0.1307
2013-05-02,0.1343
2013-05-01,0.1474
2013-04-30,0.1389
2013-04-29,0.1394
2013-04-26,0.1359
2013-04-25,0.1404
2013-04-24,0.1413
2013-04-23,0.1438
2013-04-22,0.1494
2013-04-19,0.156
2013-04-18,0.1684
2013-04-17,0.1652
2013-04-16,0.1483
2013-04-15,0.1682
2013-04-12,0.1229
2013-04-11,0.1232
2013-04-10,0.1216
2013-04-09,0.1312
2013-04-08,0.1369
2013-04-05,0.1331
2013-04-04,0.1459
2013-04-03,0.1458
2013-04-02,0.1421
2013-04-01,0.1409
2013-03-28,0.118
2013-03-27,0.128
2013-03-26,0.1293
2013-03-25,0.1447
2013-03-22,0.1341
2013-03-21,0.1411
2013-03-20,0.1138
2013-03-19,0.1374
2013-03-18,0.1365
2013-03-15,0.1147
2013-03-14,0.1167
2013-03-13,0.1209
2013-03-12,0.1236
2013-03-11,0.1201
2013-03-08,0.1141
2013-03-07,0.122
2013-03-06,0.1326
2013-03-05,0.1265
2013-03-04,0.1466
2013-03-01,0.135
2013-02-28,0.1345
2013-02-27,0.1389
2013-02-26,0.1515
2013-02-25,0.1762
2013-02-22,0.1317
2013-02-21,0.1418
2013-02-20,0.128
2013-02-19,0.114
2013-02-15,0.1119
2013-02-14,0.1113
2013-02-13,0.1168
2013-02-12,0.125
2013-02-11,0.1262
2013-02-08,0.1178
2013-02-07,0.13
2013-02-06,0.1265
2013-02-05,0.1265
2013-02-04,0.1384
2013-02-01,0.1219
2013-01-31,0.135
2013-01-30,0.1387
2013-01-29,0.1172
2013-01-28,0.1257
2013-01-25,0.1229
2013-01-24,0.1192
2013-01-23,0.1193
2013-01-22,0.1236
2013-01-18,0.1235
2013-01-17,0.1323
2013-01-16,0.1293
2013-01-15,0.1293
2013-01-14,0.129
2013-01-11,0.1318
2013-01-10,0.1361
2013-01-09,0.1293
2013-01-08,0.1377
2013-01-07,0.1366
2013-01-04,0.1336
2013-01-03,0.1386
2013-01-02,0.1428
2012-12-31,0.1772
2012-12-28,0.2003
2012-12-27,0.1805
2012-12-26,0.1724
2012-12-24,0.1682
2012-12-21,0.1597
2012-12-20,0.145
2012-12-19,0.1587
2012-12-18,0.1468
2012-12-17,0.1523
2012-12-14,0.1564
2012-12-13,0.1483
2012-12-12,0.1477
2012-12-11,0.1526
2012-12-10,0.1441
2012-12-07,0.1388
2012-12-06,0.1531
2012-12-05,0.1483
2012-12-04,0.1564
2012-12-03,0.1637
2012-11-30,0.1363
2012-11-29,0.1439
2012-11-28,0.1479
2012-11-27,0.1591
2012-11-26,0.1449
2012-11-23,0.1346
2012-11-21,0.145
2012-11-20,0.1481
2012-11-19,0.152
2012-11-16,0.1717
2012-11-15,0.1782
2012-11-14,0.1913
2012-11-13,0.1618
2012-11-12,0.1788
2012-11-09,0.1733
2012-11-08,0.1739
2012-11-07,0.1812
2012-11-06,0.1738
2012-11-05,0.1725
2012-11-02,0.16
2012-11-01,0.1623
2012-10-31,0.1642
2012-10-26,0.1665
2012-10-25,0.1643
2012-10-24,0.1718
2012-10-23,0.1655
2012-10-22,0.1583
2012-10-19,0.1395
2012-10-18,0.1561
2012-10-17,0.1428
2012-10-16,0.1514
2012-10-15,0.1519
2012-10-12,0.1522
2012-10-11,0.1575
2012-10-10,0.1618
2012-10-09,0.1544
2012-10-08,0.1477
2012-10-05,0.1423
2012-10-04,0.1463
2012-10-03,0.1467
2012-10-02,0.1636
2012-10-01,0.1478
2012-09-28,0.1682
2012-09-27,0.1409
2012-09-26,0.1586
2012-09-25,0.1582
2012-09-24,0.1373
2012-09-21,0.1387
2012-09-20,0.146
2012-09-19,0.1384
2012-09-18,0.1425
2012-09-17,0.1492
2012-09-14,0.1568
2012-09-13,0.142
2012-09-12,0.166
2012-09-11,0.1554
2012-09-10,0.1587
2012-09-07,0.1427
2012-09-06,0.1607
2012-09-05,0.1712
2012-09-04,0.1843
2012-08-31,0.1555
2012-08-30,0.1703
2012-08-29,0.1646
2012-08-28,0.165
2012-08-27,0.1577
2012-08-24,0.1525
2012-08-23,0.1568
2012-08-22,0.1488
2012-08-21,0.1425
2012-08-20,0.1385
2012-08-17,0.1418
2012-08-16,0.1415
2012-08-15,0.149
2012-08-14,0.1574
2012-08-13,0.1596
2012-08-10,0.1455
2012-08-09,0.163
2012-08-08,0.1647
2012-08-07,0.1686
2012-08-06,0.1748
2012-08-03,0.1742
2012-08-02,0.1821
2012-08-01,0.202
2012-07-31,0.1926
2012-07-30,0.1908
2012-07-27,0.184
2012-07-26,0.1834
2012-07-25,0.1969
2012-07-24,0.1982
2012-07-23,0.1905
2012-07-20,0.1878
2012-07-19,0.1665
2012-07-18,0.1607
2012-07-17,0.19
2012-07-16,0.1918
2012-07-13,0.1867
2012-07-12,0.1977
2012-07-11,0.2083
2012-07-10,0.2077
2012-07-09,0.1901
2012-07-06,0.186
2012-07-05,0.1755
2012-07-03,0.1788
2012-07-02,0.1942
2012-06-29,0.1802
2012-06-28,0.2099
2012-06-27,0.2048
2012-06-26,0.2064
2012-06-25,0.2141
2012-06-22,0.1957
2012-06-21,0.2168
2012-06-20,0.1864
2012-06-19,0.1806
2012-06-18,0.2077
2012-06-15,0.2171
2012-06-14,0.2385
2012-06-13,0.2472
2012-06-12,0.243
2012-06-11,0.2598
2012-06-08,0.222
2012-06-07,0.2255
2012-06-06,0.2462
2012-06-05,0.2463
2012-06-04,0.2517
2012-06-01,0.2625
2012-05-31,0.217
2012-05-30,0.2276
2012-05-29,0.2105
2012-05-25,0.2581
2012-05-24,0.2243
2012-05-23,0.2113
2012-05-22,0.2159
2012-05-21,0.2152
2012-05-18,0.233
2012-05-17,0.2397
2012-05-16,0.209
2012-05-15,0.2217
2012-05-14,0.2211
2012-05-11,0.2025
2012-05-10,0.2064
2012-05-09,0.2061
2012-05-08,0.193
2012-05-07,0.1944
2012-05-04,0.1796
2012-05-03,0.1762
2012-05-02,0.1648
2012-05-01,0.1694
2012-04-30,0.1734
2012-04-27,0.1594
2012-04-26,0.1732
2012-04-25,0.1789
2012-04-24,0.1847
2012-04-23,0.1986
2012-04-20,0.1833
2012-04-19,0.1999
2012-04-18,0.2025
2012-04-17,0.1793
2012-04-16,0.216
2012-04-13,0.2112
2012-04-12,0.1792
2012-04-11,0.2071
2012-04-10,0.2281
2012-04-09,0.1938
2012-04-05,0.171
2012-04-04,0.1717
2012-04-03,0.1679
2012-04-02,0.1592
2012-03-30,0.1613
2012-03-29,0.1678
2012-03-28,0.1611
2012-03-27,0.164
2012-03-26,0.1537
2012-03-23,0.1605
2012-03-22,0.1679
2012-03-21,0.1502
2012-03-20,0.1586
2012-03-19,0.1463
2012-03-16,0.219
2012-03-15,0.1594
2012-03-14,0.1545
2012-03-13,0.1582
2012-03-12,0.1691
2012-03-09,0.159
2012-03-08,0.1596
2012-03-07,0.1885
2012-03-06,0.199
2012-03-05,0.1717
2012-03-02,0.1658
2012-03-01,0.162
2012-02-29,0.1565
2012-02-28,0.1652
2012-02-27,0.1663
2012-02-24,0.1565
2012-02-23,0.1589
2012-02-22,0.1667
2012-02-21,0.1795
2012-02-17,0.1743
2012-02-16,0.1781
2012-02-15,0.2043
2012-02-14,0.1864
2012-02-13,0.1812
2012-02-10,0.1948
2012-02-09,0.189
2012-02-08,0.1808
2012-02-07,0.1759
2012-02-06,0.1722
2012-02-03,0.17
2012-02-02,0.1756
2012-02-01,0.1871
2012-01-31,0.1805
2012-01-30,0.1948
2012-01-27,0.1961
2012-01-26,0.1965
2012-01-25,0.1887
2012-01-24,0.188
2012-01-23,0.1846
2012-01-20,0.1974
2012-01-19,0.1854
2012-01-18,0.2078
2012-01-17,0.2173
2012-01-13,0.2237
2012-01-12,0.2052
2012-01-11,0.2076
2012-01-10,0.1955
2012-01-09,0.1996
2012-01-06,0.2106
2012-01-05,0.2025
2012-01-04,0.2131
2012-01-03,0.2184
2011-12-30,0.2288
2011-12-29,0.2182
2011-12-28,0.2395
2011-12-27,0.2106
2011-12-23,0.2035
2011-12-22,0.2211
2011-12-21,0.2268
2011-12-20,0.2305
2011-12-19,0.2487
2011-12-16,0.2543
2011-12-15,0.2564
2011-12-14,0.2878
2011-12-13,0.2775
2011-12-12,0.2844
2011-12-09,0.2644
2011-12-08,0.3127
2011-12-07,0.2969
2011-12-06,0.2788
2011-12-05,0.2804
2011-12-02,0.2861
2011-12-01,0.2675
2011-11-30,0.2534
2011-11-29,0.305
2011-11-28,0.3184
2011-11-25,0.3255
2011-11-23,0.3365
2011-11-22,0.2955
2011-11-21,0.3119
2011-11-18,0.2972
2011-11-17,0.3195
2011-11-16,0.3034
2011-11-15,0.29
2011-11-14,0.3023
2011-11-11,0.2716
2011-11-10,0.3139
2011-11-09,0.352
2011-11-08,0.2608
2011-11-07,0.2862
2011-11-04,0.3015
2011-11-03,0.2829
2011-11-02,0.3157
2011-11-01,0.3631
2011-10-31,0.2854
2011-10-28,0.2538
2011-10-27,0.272
2011-10-26,0.3033
2011-10-25,0.3054
2011-10-24,0.2846
2011-10-21,0.2963
2011-10-20,0.319
2011-10-19,0.3447
2011-10-18,0.3165
2011-10-17,0.349
2011-10-14,0.2803
2011-10-13,0.3072
2011-10-12,0.3055
2011-10-11,0.3315
2011-10-10,0.3396
2011-10-07,0.3678
2011-10-06,0.3702
2011-10-05,0.3882
2011-10-04,0.4166
2011-10-03,0.474
2011-09-30,0.4525
2011-09-29,0.4003
2011-09-28,0.4207
2011-09-27,0.3902
2011-09-26,0.4173
2011-09-23,0.4217
2011-09-22,0.4272
2011-09-21,0.3695
2011-09-20,0.3325
2011-09-19,0.3273
2011-09-16,0.2901
2011-09-15,0.3179
2011-09-14,0.3619
2011-09-13,0.3698
2011-09-12,0.4
2011-09-09,0.416
2011-09-08,0.3476
2011-09-07,0.3546
2011-09-06,0.3901
2011-09-02,0.3515
2011-09-01,0.3188
2011-08-31,0.3199
2011-08-30,0.3016
2011-08-29,0.319
2011-08-26,0.3507
2011-08-25,0.3969
2011-08-24,0.3466
2011-08-23,0.3653
2011-08-22,0.4124
2011-08-19,0.4287
2011-08-18,0.4354
2011-08-17,0.3106
2011-08-16,0.3306
2011-08-15,0.3122
2011-08-12,0.3786
2011-08-11,0.4231
2011-08-10,0.5278
2011-08-09,0.3907
2011-08-08,0.4784
2011-08-05,0.3617
2011-08-04,0.4048
2011-08-03,0.2376
2011-08-02,0.2711
2011-08-01,0.2606
2011-07-29,0.2639
2011-07-28,0.2443
2011-07-27,0.2327
2011-07-26,0.2127
2011-07-25,0.2097
2011-07-22,0.2036
2011-07-21,0.1994
2011-07-20,0.2134
2011-07-19,0.2175
2011-07-18,0.2174
2011-07-15,0.2222
2011-07-14,0.2393
2011-07-13,0.2059
2011-07-12,0.221
2011-07-11,0.2125
2011-07-08,0.1847
2011-07-07,0.1866
2011-07-06,0.1781
2011-07-05,0.1836
2011-07-01,0.1769
2011-06-30,0.1826
2011-06-29,0.2035
2011-06-28,0.1977
2011-06-27,0.2138
2011-06-24,0.2083
2011-06-23,0.1943
2011-06-22,0.1912
2011-06-21,0.2054
2011-06-20,0.213
2011-06-17,0.2323
2011-06-16,0.2307
2011-06-15,0.2246
2011-06-14,0.1966
2011-06-13,0.2064
2011-06-10,0.198
2011-06-09,0.1866
2011-06-08,0.2001
2011-06-07,0.194
2011-06-06,0.2003
2011-06-03,0.1864
2011-06-02,0.1898
2011-06-01,0.1903
2011-05-31,0.1624
2011-05-27,0.1539
2011-05-26,0.1562
2011-05-25,0.1615
2011-05-24,0.1766
2011-05-23,0.181
2011-05-20,0.168
2011-05-19,0.1655
2011-05-18,0.1778
2011-05-17,0.2024
2011-05-16,0.2006
2011-05-13,0.1932
2011-05-12,0.1783
2011-05-11,0.188
2011-05-10,0.1628
2011-05-09,0.1694
2011-05-06,0.1746
2011-05-05,0.1974
2011-05-04,0.1785
2011-05-03,0.1733
2011-05-02,0.1779
2011-04-29,0.1717
2011-04-28,0.1616
2011-04-27,0.1674
2011-04-26,0.1595
2011-04-25,0.1736
2011-04-21,0.1596
2011-04-20,0.1717
2011-04-19,0.1718
2011-04-18,0.1854
2011-04-15,0.1809
2011-04-14,0.1765
2011-04-13,0.1949
2011-04-12,0.1893
2011-04-11,0.1892
2011-04-08,0.1841
2011-04-07,0.1706
2011-04-06,0.1711
2011-04-05,0.1714
2011-04-04,0.1743
2011-04-01,0.1667
2011-03-31,0.1787
2011-03-30,0.1893
2011-03-29,0.1881
2011-03-28,0.1945
2011-03-25,0.1939
2011-03-24,0.1857
2011-03-23,0.1987
2011-03-22,0.2168
2011-03-21,0.21
2011-03-18,0.2432
2011-03-17,0.2565
2011-03-16,0.2863
2011-03-15,0.2403
2011-03-14,0.2311
2011-03-11,0.2129
2011-03-10,0.2299
2011-03-09,0.1976
2011-03-08,0.1922
2011-03-07,0.2071
2011-03-04,0.1892
2011-03-03,0.1777
2011-03-02,0.2072
2011-03-01,0.2142
2011-02-28,0.1968
2011-02-25,0.1981
2011-02-24,0.2136
2011-02-23,0.2217
2011-02-22,0.2001
2011-02-18,0.1588
2011-02-17,0.164
2011-02-16,0.1637
2011-02-15,0.1688
2011-02-14,0.1592
2011-02-11,0.1525
2011-02-10,0.1547
2011-02-09,0.1599
2011-02-08,0.1513
2011-02-07,0.1508
2011-02-04,0.1471
2011-02-03,0.1547
2011-02-02,0.1572
2011-02-01,0.1525
2011-01-31,0.1727
2011-01-28,0.1922
2011-01-27,0.1612
2011-01-26,0.1628
2011-01-25,0.173
2011-01-24,0.1713
2011-01-21,0.1745
2011-01-20,0.1834
2011-01-19,0.1776
2011-01-18,0.1623
2011-01-14,0.1541
2011-01-13,0.164
2011-01-12,0.1627
2011-01-11,0.1651
2011-01-10,0.1771
2011-01-07,0.1711
2011-01-06,0.1744
2011-01-05,0.1731
2011-01-04,0.1766
2011-01-03,0.1786
2010-12-31,0.1772
2010-12-30,0.1755
2010-12-29,0.1714
2010-12-28,0.1776
2010-12-27,0.1676
2010-12-23,0.1614
2010-12-22,0.1582
2010-12-21,0.1597
2010-12-20,0.1637
2010-12-17,0.1662
2010-12-16,0.1498
2010-12-15,0.1552
2010-12-14,0.1544
2010-12-13,0.163
2010-12-10,0.1572
2010-12-09,0.1607
2010-12-08,0.1677
2010-12-07,0.1715
2010-12-06,0.1604
2010-12-03,0.1613
2010-12-02,0.173
2010-12-01,0.1879
2010-11-30,0.2101
2010-11-29,0.2038
2010-11-26,0.1988
2010-11-24,0.1757
2010-11-23,0.1936
2010-11-22,0.173
2010-11-19,0.1748
2010-11-18,0.1822
2010-11-17,0.2113
2010-11-16,0.2154
2010-11-15,0.2
2010-11-12,0.2067
2010-11-11,0.1908
2010-11-10,0.1909
2010-11-09,0.1962
2010-11-08,0.1892
2010-11-05,0.1798
2010-11-04,0.1894
2010-11-03,0.2015
2010-11-02,0.2194
2010-11-01,0.2238
2010-10-29,0.2124
2010-10-28,0.2123
2010-10-27,0.2162
2010-10-26,0.2111
2010-10-25,0.2082
2010-10-22,0.2052
2010-10-21,0.207
2010-10-20,0.2104
2010-10-19,0.2274
2010-10-18,0.2275
2010-10-15,0.229
2010-10-14,0.229
2010-10-13,0.2007
2010-10-12,0.2175
2010-10-11,0.2233
2010-10-08,0.2076
2010-10-07,0.218
2010-10-06,0.2111
2010-10-05,0.2187
2010-10-04,0.2354
2010-10-01,0.2238
2010-09-30,0.2293
2010-09-29,0.229
2010-09-28,0.2226
2010-09-27,0.2291
2010-09-24,0.2151
2010-09-23,0.242
2010-09-22,0.2261
2010-09-21,0.2235
2010-09-20,0.2149
2010-09-17,0.2184
2010-09-16,0.2241
2010-09-15,0.2285
2010-09-14,0.2209
2010-09-13,0.2205
2010-09-10,0.2171
2010-09-09,0.23
2010-09-08,0.2269
2010-09-07,0.2356
2010-09-03,0.2092
2010-09-02,0.2371
2010-09-01,0.2461
2010-08-31,0.2718
2010-08-30,0.2665
2010-08-27,0.2511
2010-08-26,0.2707
2010-08-25,0.2682
2010-08-24,0.2805
2010-08-23,0.2561
2010-08-20,0.249
2010-08-19,0.2633
2010-08-18,0.2338
2010-08-17,0.2526
2010-08-16,0.268
2010-08-13,0.2624
2010-08-12,0.2627
2010-08-11,0.2656
2010-08-10,0.2189
2010-08-09,0.2165
2010-08-06,0.2151
2010-08-05,0.2192
2010-08-04,0.2149
2010-08-03,0.2234
2010-08-02,0.2191
2010-07-30,0.2327
2010-07-29,0.2511
2010-07-28,0.2414
2010-07-27,0.2433
2010-07-26,0.2334
2010-07-23,0.2345
2010-07-22,0.2488
2010-07-21,0.2604
2010-07-20,0.2452
2010-07-19,0.2693
2010-07-16,0.2861
2010-07-15,0.2652
2010-07-14,0.264
2010-07-13,0.2667
2010-07-12,0.2679
2010-07-09,0.2495
2010-07-08,0.2699
2010-07-07,0.2834
2010-07-06,0.3221
2010-07-02,0.3174
2010-07-01,0.3274
2010-06-30,0.3458
2010-06-29,0.347
2010-06-28,0.2903
2010-06-25,0.277
2010-06-24,0.3001
2010-06-23,0.2727
2010-06-22,0.2744
2010-06-21,0.2471
2010-06-18,0.2332
2010-06-17,0.2284
2010-06-16,0.2428
2010-06-15,0.2416
2010-06-14,0.2753
2010-06-11,0.268
2010-06-10,0.2741
2010-06-09,0.3231
2010-06-08,0.3249
2010-06-07,0.367
2010-06-04,0.3408
2010-06-03,0.2789
2010-06-02,0.2889
2010-06-01,0.3438
2010-05-28,0.2915
2010-05-27,0.2779
2010-05-26,0.3255
2010-05-25,0.3366
2010-05-24,0.3616
2010-05-21,0.3762
2010-05-20,0.4298
2010-05-19,0.3397
2010-05-18,0.3301
2010-05-17,0.3067
2010-05-14,0.3085
2010-05-13,0.2764
2010-05-12,0.2585
2010-05-11,0.2923
2010-05-10,0.2939
2010-05-07,0.3855
2010-05-06,0.3229
2010-05-05,0.2637
2010-05-04,0.2506
2010-05-03,0.203
2010-04-30,0.2137
2010-04-29,0.1746
2010-04-28,0.2048
2010-04-27,0.2089
2010-04-26,0.1742
2010-04-23,0.1676
2010-04-22,0.1598
2010-04-21,0.157
2010-04-20,0.1481
2010-04-19,0.1691
2010-04-16,0.1719
2010-04-15,0.1547
2010-04-14,0.1582
2010-04-13,0.1664
2010-04-12,0.1637
2010-04-09,0.1516
2010-04-08,0.1592
2010-04-07,0.1639
2010-04-06,0.1597
2010-04-05,0.1667
2010-04-01,0.1589
2010-03-31,0.1656
2010-03-30,0.165
2010-03-29,0.1651
2010-03-26,0.1682
2010-03-25,0.1684
2010-03-24,0.1686
2010-03-23,0.1531
2010-03-22,0.1645
2010-03-19,0.166
2010-03-18,0.1533
2010-03-17,0.1616
2010-03-16,0.1533
2010-03-15,0.1727
2010-03-12,0.1602
2010-03-11,0.1661
2010-03-10,0.1723
2010-03-09,0.1597
2010-03-08,0.1673
2010-03-05,0.1505
2010-03-04,0.1651
2010-03-03,0.1725
2010-03-02,0.1738
2010-03-01,0.1618
2010-02-26,0.173
2010-02-25,0.1829
2010-02-24,0.1797
2010-02-23,0.1973
2010-02-22,0.1815
2010-02-19,0.1823
2010-02-18,0.1872
2010-02-17,0.1973
2010-02-16,0.2128
2010-02-12,0.2348
2010-02-11,0.2243
2010-02-10,0.2385
2010-02-09,0.2433
2010-02-08,0.2682
2010-02-05,0.2551
2010-02-04,0.2525
2010-02-03,0.208
2010-02-02,0.1918
2010-02-01,0.2116
2010-01-29,0.2212
2010-01-28,0.214
2010-01-27,0.2135
2010-01-26,0.2225
2010-01-25,0.2108
2010-01-22,0.2318
2010-01-21,0.2059
2010-01-20,0.1785
2010-01-19,0.1587
2010-01-15,0.171
2010-01-14,0.164
2010-01-13,0.1652
2010-01-12,0.1689
2010-01-11,0.1642
2010-01-08,0.149
2010-01-07,0.1604
2010-01-06,0.1634
2010-01-05,0.1602
2010-01-04,0.1687
2009-12-31,0.1878
2009-12-30,0.1779
2009-12-29,0.1682
2009-12-28,0.1796
2009-12-24,0.1686
2009-12-23,0.1663
2009-12-22,0.1694
2009-12-21,0.1868
2009-12-18,0.198
2009-12-17,0.1924
2009-12-16,0.191
2009-12-15,0.1829
2009-12-14,0.1795
2009-12-11,0.1844
2009-12-10,0.1941
2009-12-09,0.2061
2009-12-08,0.2402
2009-12-07,0.2174
2009-12-04,0.1982
2009-12-03,0.2124
2009-12-02,0.2156
2009-12-01,0.2102
2009-11-30,0.2387
2009-11-27,0.2448
2009-11-25,0.1884
2009-11-24,0.2025
2009-11-23,0.1805
2009-11-20,0.2175
2009-11-19,0.2301
2009-11-18,0.2189
2009-11-17,0.2189
2009-11-16,0.2201
2009-11-13,0.2255
2009-11-12,0.2395
2009-11-11,0.2252
2009-11-10,0.24
2009-11-09,0.2297
2009-11-06,0.2361
2009-11-05,0.2456
2009-11-04,0.2703
2009-11-03,0.2696
2009-11-02,0.2833
2009-10-30,0.2912
2009-10-29,0.2357
2009-10-28,0.2816
2009-10-27,0.2511
2009-10-26,0.2425
2009-10-23,0.233
2009-10-22,0.2122
2009-10-21,0.2126
2009-10-20,0.2214
2009-10-19,0.2201
2009-10-16,0.2258
2009-10-15,0.232
2009-10-14,0.2171
2009-10-13,0.2356
2009-10-12,0.2507
2009-10-09,0.221
2009-10-08,0.2207
2009-10-07,0.2498
2009-10-06,0.2591
2009-10-05,0.255
2009-10-02,0.2834
2009-10-01,0.2896
2009-09-30,0.2562
2009-09-29,0.2447
2009-09-28,0.2384
2009-09-25,0.2807
2009-09-24,0.25
2009-09-23,0.2302
2009-09-22,0.2319
2009-09-21,0.2552
2009-09-18,0.2609
2009-09-17,0.2161
2009-09-16,0.2156
2009-09-15,0.2144
2009-09-14,0.2212
2009-09-11,0.2253
2009-09-10,0.2225
2009-09-09,0.2259
2009-09-08,0.257
2009-09-04,0.2402
2009-09-03,0.262
2009-09-02,0.2685
2009-09-01,0.2693
2009-08-31,0.2528
2009-08-28,0.2496
2009-08-27,0.2342
2009-08-26,0.2382
2009-08-25,0.2364
2009-08-24,0.241
2009-08-21,0.2395
2009-08-20,0.2517
2009-08-19,0.2565
2009-08-18,0.2771
2009-08-17,0.2962
2009-08-14,0.2567
2009-08-13,0.2637
2009-08-12,0.2713
2009-08-11,0.282
2009-08-10,0.2753
2009-08-07,0.2685
2009-08-06,0.2808
2009-08-05,0.2744
2009-08-04,0.2647
2009-08-03,0.2877
2009-07-31,0.2849
2009-07-30,0.2792
2009-07-29,0.2627
2009-07-28,0.2651
2009-07-27,0.2696
2009-07-24,0.268
2009-07-23,0.2716
2009-07-22,0.2609
2009-07-21,0.2704
2009-07-20,0.2794
2009-07-17,0.2943
2009-07-16,0.2896
2009-07-15,0.3047
2009-07-14,0.3073
2009-07-13,0.3315
2009-07-10,0.3399
2009-07-09,0.3208
2009-07-08,0.3642
2009-07-07,0.3494
2009-07-06,0.3195
2009-07-02,0.3071
2009-07-01,0.2949
2009-06-30,0.2887
2009-06-29,0.295
2009-06-26,0.2936
2009-06-25,0.3046
2009-06-24,0.3337
2009-06-23,0.364
2009-06-22,0.3488
2009-06-19,0.3175
2009-06-18,0.3244
2009-06-17,0.3265
2009-06-16,0.3213
2009-06-15,0.3034
2009-06-12,0.2695
2009-06-11,0.2781
2009-06-10,0.2946
2009-06-09,0.2882
2009-06-08,0.2977
2009-06-05,0.312
2009-06-04,0.3145
2009-06-03,0.3213
2009-06-02,0.3082
2009-06-01,0.2968
2009-05-29,0.2785
2009-05-28,0.3233
2009-05-27,0.3455
2009-05-26,0.2847
2009-05-22,0.3128
2009-05-21,0.3266
2009-05-20,0.3057
2009-05-19,0.3163
2009-05-18,0.2793
2009-05-15,0.3422
2009-05-14,0.3575
2009-05-13,0.3838
2009-05-12,0.3349
2009-05-11,0.3591
2009-05-08,0.3138
2009-05-07,0.3621
2009-05-06,0.3403
2009-05-05,0.3466
2009-05-04,0.363
2009-05-01,0.3659
2009-04-30,0.3902
2009-04-29,0.3885
2009-04-28,0.4264
2009-04-27,0.4397
2009-04-24,0.3839
2009-04-23,0.4119
2009-04-22,0.3977
2009-04-21,0.4061
2009-04-20,0.4194
2009-04-17,0.3956
2009-04-16,0.3866
2009-04-15,0.4395
2009-04-14,0.4272
2009-04-13,0.4189
2009-04-09,0.4179
2009-04-08,0.4242
2009-04-07,0.4579
2009-04-06,0.4686
2009-04-03,0.4397
2009-04-02,0.4482
2009-04-01,0.4205
2009-03-31,0.4762
2009-03-30,0.4811
2009-03-27,0.4349
2009-03-26,0.4107
2009-03-25,0.4409
2009-03-24,0.4652
2009-03-23,0.4306
2009-03-20,0.4764
2009-03-19,0.3938
2009-03-18,0.3499
2009-03-17,0.3526
2009-03-16,0.4094
2009-03-13,0.4023
2009-03-12,0.4484
2009-03-11,0.4719
2009-03-10,0.4906
2009-03-09,0.5253
2009-03-06,0.5122
2009-03-05,0.4751
2009-03-04,0.4599
2009-03-03,0.4942
2009-03-02,0.5282
2009-02-27,0.461
2009-02-26,0.4347
2009-02-25,0.425
2009-02-24,0.448
2009-02-23,0.467
2009-02-20,0.4685
2009-02-19,0.4624
2009-02-18,0.4369
2009-02-17,0.4771
2009-02-13,0.3856
2009-02-12,0.4045
2009-02-11,0.4042
2009-02-10,0.44
2009-02-09,0.392
2009-02-06,0.3755
2009-02-05,0.3884
2009-02-04,0.3972
2009-02-03,0.3865
2009-02-02,0.4108
2009-01-30,0.3959
2009-01-29,0.3883
2009-01-28,0.3421
2009-01-27,0.3728
2009-01-26,0.4148
2009-01-23,0.4645
2009-01-22,0.4515
2009-01-21,0.4719
2009-01-20,0.518
2009-01-16,0.4468
2009-01-15,0.4203
2009-01-14,0.4784
2009-01-13,0.4243
2009-01-12,0.4659
2009-01-09,0.4183
2009-01-08,0.3973
2009-01-07,0.4273
2009-01-06,0.3251
2009-01-05,0.3788
2009-01-02,0.3207
2008-12-31,0.3394
2008-12-30,0.3542
2008-12-29,0.416
2008-12-26,0.3633
2008-12-24,0.3852
2008-12-23,0.3665
2008-12-22,0.4215
2008-12-19,0.412
2008-12-18,0.427
2008-12-17,0.3936
2008-12-16,0.4157
2008-12-15,0.4444
2008-12-12,0.4435
2008-12-11,0.4662
2008-12-10,0.4525
2008-12-09,0.507
2008-12-08,0.5794
2008-12-05,0.5267
2008-12-04,0.5407
2008-12-03,0.5652
2008-12-02,0.5544
2008-12-01,0.5926
2008-11-28,0.5077
2008-11-26,0.4861
2008-11-25,0.5545
2008-11-24,0.5729
2008-11-21,0.6797
2008-11-20,0.6411
2008-11-19,0.7075
2008-11-18,0.6283
2008-11-17,0.6205
2008-11-14,0.6132
2008-11-13,0.458
2008-11-12,0.5776
2008-11-11,0.5356
2008-11-10,0.5198
2008-11-07,0.5113
2008-11-06,0.5073
2008-11-05,0.5365
2008-11-04,0.4494
2008-11-03,0.5146
2008-10-31,0.483
2008-10-30,0.6031
2008-10-29,0.7092
2008-10-28,0.5824
2008-10-27,0.7622
2008-10-24,0.6912
2008-10-23,0.5073
2008-10-22,0.5499
2008-10-21,0.4973
2008-10-20,0.4406
2008-10-17,0.6623
2008-10-16,0.6005
2008-10-15,0.6659
2008-10-14,0.6213
2008-10-13,0.643
2008-10-10,0.7771
2008-10-09,0.9416
2008-10-08,0.7013
2008-10-07,0.6872
2008-10-06,0.5796
2008-10-03,0.5226
2008-10-02,0.5473
2008-10-01,0.48
2008-09-30,0.3902
2008-09-29,0.4332
2008-09-26,0.3877
2008-09-25,0.3745
2008-09-24,0.3929
2008-09-23,0.2919
2008-09-22,0.3738
2008-09-19,0.3211
2008-09-18,0.221
2008-09-17,0.4346
2008-09-16,0.2268
2008-09-15,0.3429
2008-09-12,0.2619
2008-09-11,0.195
2008-09-10,0.2686
2008-09-09,0.3214
2008-09-08,0.2023
2008-09-05,0.2578
2008-09-04,0.2641
2008-09-03,0.2378
2008-09-02,0.2215
2008-08-29,0.2194
2008-08-28,0.2124
2008-08-27,0.2141
2008-08-26,0.2158
2008-08-25,0.2317
2008-08-22,0.1957
2008-08-21,0.2372
2008-08-20,0.2425
2008-08-19,0.2377
2008-08-18,0.2392
2008-08-15,0.2202
2008-08-14,0.2306
2008-08-13,0.2187
2008-08-12,0.2317
2008-08-11,0.2158
2008-08-08,0.1832
2008-08-07,0.2562
2008-08-06,0.154
2008-08-05,0.2313
2008-08-04,0.2515
2008-08-01,0.2531
2008-07-31,0.2749
2008-07-30,0.2044
2008-07-29,0.1941
2008-07-28,0.2656
2008-07-25,0.2245
2008-07-24,0.249
2008-07-23,0.2381
2008-07-22,0.2186
2008-07-21,0.2125
2008-07-18,0.2091
2008-07-17,0.215
2008-07-16,0.299
2008-07-15,0.2776
2008-07-14,0.2715
2008-07-11,0.3182
2008-07-10,0.2199
2008-07-09,0.2894
2008-07-08,0.2257
2008-07-07,0.2568
2008-07-03,0.239
2008-07-02,0.2698
2008-07-01,0.2468
2008-06-30,0.2519
2008-06-27,0.2675
2008-06-26,0.1498
2008-06-25,0.2234
2008-06-24,0.2292
2008-06-23,0.2203
2008-06-20,0.2288
2008-06-19,0.1969
2008-06-18,0.2145
2008-06-17,0.1771
2008-06-16,0.2173
2008-06-13,0.1954
2008-06-12,0.2154
2008-06-11,0.2192
2008-06-10,0.225
2008-06-09,0.2054
2008-06-06,0.2424
2008-06-05,0.1811
2008-06-04,0.1743
2008-06-03,0.1296
2008-06-02,0.1817
2008-05-30,0.1651
2008-05-29,0.1741
2008-05-28,0.1779
2008-05-27,0.1674
2008-05-23,0.1833
2008-05-22,0.1702
2008-05-21,0.1707
2008-05-20,0.1673
2008-05-19,0.1295
2008-05-16,0.1592
2008-05-15,0.162
2008-05-14,0.1702
2008-05-13,0.1722
2008-05-12,0.1734
2008-05-09,0.1909
2008-05-08,0.1856
2008-05-07,0.1815
2008-05-06,0.1911
2008-05-05,0.1755
2008-05-02,0.1483
2008-05-01,0.1899
2008-04-30,0.1509
2008-04-29,0.1955
2008-04-28,0.149
2008-04-25,0.1638
2008-04-24,0.2012
2008-04-23,0.2645
2008-04-22,0.2022
2008-04-21,0.18
2008-04-18,0.184
2008-04-17,0.2256
2008-04-16,0.2065
2008-04-15,0.2232
2008-04-14,0.2472
2008-04-11,0.237
2008-04-10,0.199
2008-04-09,0.2105
2008-04-08,0.2047
2008-04-07,0.2198
2008-04-04,0.1842
2008-04-03,0.2049
2008-04-02,0.1767
2008-04-01,0.2132
2008-03-31,0.1885
2008-03-28,0.2535
2008-03-27,0.2376
2008-03-26,0.2241
2008-03-25,0.2129
2008-03-24,0.2183
2008-03-20,0.2365
2008-03-19,0.255
2008-03-18,0.1678
2008-03-17,0.2907
2008-03-14,0.2613
2008-03-13,0.2191
2008-03-12,0.348
2008-03-11,0.223
2008-03-10,0.2426
2008-03-07,0.2439
2008-03-06,0.2376
2008-03-05,0.2131
2008-03-04,0.2114
2008-03-03,0.1992
2008-02-29,0.2638
2008-02-28,0.211
2008-02-27,0.1823
2008-02-26,0.2013
2008-02-25,0.1874
2008-02-22,0.1505
2008-02-21,0.1912
2008-02-20,0.1964
2008-02-19,0.2028
2008-02-15,0.2208
2008-02-14,0.2468
2008-02-13,0.2046
2008-02-12,0.211
2008-02-11,0.2449
2008-02-08,0.2428
2008-02-07,0.2235
2008-02-06,0.2582
2008-02-05,0.2738
2008-02-04,0.2497
2008-02-01,0.2054
2008-01-31,0.2619
2008-01-30,0.2586
2008-01-29,0.2546
2008-01-28,0.2584
2008-01-25,0.2881
2008-01-24,0.2519
2008-01-23,0.2332
2008-01-22,0.2903
2008-01-18,0.2877
2008-01-17,0.256
2008-01-16,0.2777
2008-01-15,0.2269
2008-01-14,0.2323
2008-01-11,0.2432
2008-01-10,0.2357
2008-01-09,0.3096
2008-01-08,0.2418
2008-01-07,0.2441
2008-01-04,0.2052
2008-01-03,0.2217
2008-01-02,0.1979
2007-12-31,0.1834
2007-12-28,0.1913
2007-12-27,0.1824
2007-12-26,0.1696
2007-12-24,0.1305
2007-12-21,0.1825
2007-12-20,0.155
2007-12-19,0.1672
2007-12-18,0.2113
2007-12-17,0.1882
2007-12-14,0.1757
2007-12-13,0.1894
2007-12-12,0.1765
2007-12-11,0.2286
2007-12-10,0.1692
2007-12-07,0.1585
2007-12-06,0.1961
2007-12-05,0.1764
2007-12-04,0.2025
2007-12-03,0.2142
2007-11-30,0.1956
2007-11-29,0.1854
2007-11-28,0.2315
2007-11-27,0.2244
2007-11-26,0.2651
2007-11-23,0.2288
2007-11-21,0.2354
2007-11-20,0.2132
2007-11-19,0.1964
2007-11-16,0.1935
2007-11-15,0.2209
2007-11-14,0.2198
2007-11-13,0.2008
2007-11-12,0.2743
2007-11-09,0.2447
2007-11-08,0.2351
2007-11-07,0.249
2007-11-06,0.192
2007-11-05,0.2364
2007-11-02,0.2115
2007-11-01,0.2136
2007-10-31,0.2085
2007-10-30,0.2081
2007-10-29,0.1732
2007-10-26,0.1854
2007-10-25,0.192
2007-10-24,0.215
2007-10-23,0.1892
2007-10-22,0.1778
2007-10-19,0.1885
2007-10-18,0.1685
2007-10-17,0.1626
2007-10-16,0.1967
2007-10-15,0.1787
2007-10-12,0.1591
2007-10-11,0.1796
2007-10-10,0.1599
2007-10-09,0.1376
2007-10-08,0.1569
2007-10-05,0.1463
2007-10-04,0.1555
2007-10-03,0.1518
2007-10-02,0.1742
2007-10-01,0.1362
2007-09-28,0.1413
2007-09-27,0.1663
2007-09-26,0.164
2007-09-25,0.1843
2007-09-24,0.1731
2007-09-21,0.1608
2007-09-20,0.1671
2007-09-19,0.1434
2007-09-18,0.1759
2007-09-17,0.2269
2007-09-14,0.209
2007-09-13,0.2102
2007-09-12,0.2208
2007-09-11,0.2033
2007-09-10,0.2056
2007-09-07,0.2246
2007-09-06,0.1825
2007-09-05,0.1907
2007-09-04,0.1884
2007-08-31,0.1759
2007-08-30,0.2105
2007-08-29,0.1947
2007-08-28,0.215
2007-08-27,0.1924
2007-08-24,0.1912
2007-08-23,0.185
2007-08-22,0.1856
2007-08-21,0.2124
2007-08-20,0.2281
2007-08-17,0.2577
2007-08-16,0.2081
2007-08-15,0.2453
2007-08-14,0.28
2007-08-13,0.2232
2007-08-10,0.2848
2007-08-09,0.183
2007-08-08,0.1565
2007-08-07,0.1929
2007-08-06,0.1892
2007-08-03,0.2227
2007-08-02,0.2032
2007-08-01,0.1718
2007-07-31,0.2402
2007-07-30,0.1986
2007-07-27,0.3061
2007-07-26,0.1993
2007-07-25,0.1594
2007-07-24,0.1775
2007-07-23,0.1762
2007-07-20,0.1628
2007-07-19,0.1376
2007-07-18,0.1661
2007-07-17,0.1609
2007-07-16,0.1535
2007-07-13,0.1422
2007-07-12,0.1401
2007-07-11,0.1434
2007-07-10,0.164
2007-07-09,0.1313
2007-07-06,0.1292
2007-07-05,0.1434
2007-07-03,0.1372
2007-07-02,0.1593
2007-06-29,0.1339
2007-06-28,0.163
2007-06-27,0.1273
2007-06-26,
2007-06-25,0.1331
2007-06-22,0.1381
2007-06-21,0.1479
2007-06-20,0.0895
2007-06-19,0.1397
2007-06-18,0.1194
2007-06-15,0.1397
2007-06-14,0.1327
2007-06-13,0.1226
2007-06-12,0.1572
2007-06-11,0.1434
2007-06-08,0.1347
2007-06-07,0.152
2007-06-06,0.1286
2007-06-05,0.1145
2007-06-04,0.1227
2007-06-01,0.0947
2007-05-31,0.1159
2007-05-30,0.1064
2007-05-29,0.1209
2007-05-25,0.116
2007-05-24,0.1222
2007-05-23,0.0996
2007-05-22,0.1207
2007-05-21,0.1174
2007-05-18,0.1391
2007-05-17,0.1144
2007-05-16,0.1156
2007-05-15,0.1296
2007-05-14,0.1357
2007-05-11,0.1158
2007-05-10,0.1198
2007-05-09,0.14
2007-05-08,0.1212
2007-05-07,0.1213
2007-05-04,0.1205
2007-05-03,0.1247
2007-05-02,0.1425
2007-05-01,0.1314
2007-04-30,0.1497
2007-04-27,0.1235
2007-04-26,0.1195
2007-04-25,0.12
2007-04-24,0.1411
2007-04-23,0.1279
2007-04-20,0.1286
2007-04-19,0.1226
2007-04-18,0.139
2007-04-17,0.1144
2007-04-16,0.1141
2007-04-13,0.1305
2007-04-12,0.1257
2007-04-11,0.1384
2007-04-10,0.152
2007-04-09,0.1467
2007-04-05,0.1032
2007-04-04,0.1331
2007-04-03,0.1245
2007-04-02,0.1295
2007-03-30,0.1377
2007-03-29,0.1323
2007-03-28,0.125
2007-03-27,0.131
2007-03-26,0.1409
2007-03-23,0.1078
2007-03-22,0.102
2007-03-21,0.1168
2007-03-20,0.1336
2007-03-19,0.1425
2007-03-16,0.1416
2007-03-15,0.1535
2007-03-14,0.1362
2007-03-13,0.152
2007-03-12,0.1279
2007-03-09,0.1197
2007-03-08,0.1402
2007-03-07,0.1523
2007-03-06,0.1214
2007-03-05,0.1687
2007-03-02,0.18
2007-03-01,0.1654
2007-02-28,0.1389
2007-02-27,0.1477
2007-02-26,0.1029
2007-02-23,0.0897
2007-02-22,0.0798
2007-02-21,0.089
2007-02-20,0.1087
2007-02-16,0.0902
2007-02-15,0.0903
2007-02-14,0.0972
2007-02-13,0.0918
2007-02-12,0.1064
2007-02-09,0.1019
2007-02-08,0.1038
2007-02-07,0.1117
2007-02-06,0.1037
2007-02-05,0.1035
2007-02-02,0.1175
2007-02-01,
2007-01-31,0.1079
2007-01-30,0.1068
2007-01-29,0.1009
2007-01-26,0.0955
2007-01-25,0.1002
2007-01-24,0.1221
2007-01-23,0.1046
2007-01-22,0.1303
2007-01-19,0.1134
2007-01-18,0.1189
2007-01-17,0.1036
2007-01-16,0.122
2007-01-12,0.1134
2007-01-11,0.117
2007-01-10,0.1066
2007-01-09,0.1215
2007-01-08,0.1218
2007-01-05,0.1116
2007-01-04,0.1354
2007-01-03,0.1199
2006-12-29,0.1303
2006-12-28,0.1176
2006-12-27,0.1073
2006-12-26,0.107
2006-12-22,0.1128
2006-12-21,0.1112
2006-12-20,0.109
2006-12-19,0.1145
2006-12-18,0.1088
2006-12-15,0.1067
2006-12-14,0.1654
2006-12-13,0.0873
2006-12-12,0.0864
2006-12-11,0.0973
2006-12-08,0.0925
2006-12-07,0.0985
2006-12-06,0.0998
2006-12-05,0.0786
2006-12-04,0.0887
2006-12-01,0.0913
2006-11-30,0.0832
2006-11-29,0.0837
2006-11-28,0.0893
2006-11-27,0.1069
2006-11-24,0.087
2006-11-22,0.089
2006-11-21,0.1056
2006-11-20,0.1004
2006-11-17,0.0976
2006-11-16,0.1073
2006-11-15,0.0969
2006-11-14,0.1062
2006-11-13,0.1062
2006-11-10,0.1111
2006-11-09,0.1111
2006-11-08,0.1086
2006-11-07,0.1113
2006-11-06,0.1127
2006-11-03,0.1167
2006-11-02,0.1218
2006-11-01,0.1186
2006-10-31,0.1142
2006-10-30,0.1217
2006-10-27,0.1209
2006-10-26,0.1101
2006-10-25,0.112
2006-10-24,0.1299
2006-10-23,0.1264
2006-10-20,0.1239
2006-10-19,0.1345
2006-10-18,0.1417
2006-10-17,0.1401
2006-10-16,0.1382
2006-10-13,0.1333
2006-10-12,0.1144
2006-10-11,0.1228
2006-10-10,0.1424
2006-10-09,0.1321
2006-10-06,0.1197
2006-10-05,0.1336
2006-10-04,0.1164
2006-10-03,0.1361
2006-10-02,0.1383
2006-09-29,0.1385
2006-09-28,0.1244
2006-09-27,0.1316
2006-09-26,0.1219
2006-09-25,0.1199
2006-09-22,0.1357
2006-09-21,0.1261
2006-09-20,0.1143
2006-09-19,0.1247
2006-09-18,0.1317
2006-09-15,0.1326
2006-09-14,0.1272
2006-09-13,0.1188
2006-09-12,0.1097
2006-09-11,0.1127
2006-09-08,0.1153
2006-09-07,0.133
2006-09-06,0.1636
2006-09-05,0.1213
2006-09-01,0.1225
2006-08-31,0.1278
2006-08-30,0.1158
2006-08-29,0.112
2006-08-28,0.1256
2006-08-25,0.1024
2006-08-24,0.122
2006-08-23,0.1197
2006-08-22,0.1089
2006-08-21,0.1372
2006-08-18,0.1209
2006-08-17,0.1322
2006-08-16,0.1364
2006-08-15,0.1345
2006-08-14,0.1717
2006-08-11,0.1539
2006-08-10,0.1398
2006-08-09,0.1756
2006-08-08,0.1576
2006-08-07,0.1407
2006-08-04,0.1307
2006-08-03,0.146
2006-08-02,0.1288
2006-08-01,0.1421
2006-07-31,0.1532
2006-07-28,0.1318
2006-07-27,0.1399
2006-07-26,0.1417
2006-07-25,0.1306
2006-07-24,0.1375
2006-07-21,0.1686
2006-07-20,0.1816
2006-07-19,0.1324
2006-07-18,0.159
2006-07-17,0.1762
2006-07-14,0.162
2006-07-13,0.1828
2006-07-12,0.1497
2006-07-11,0.1196
2006-07-10,0.1316
2006-07-07,0.1326
2006-07-06,0.1225
2006-07-05,0.1341
2006-07-03,0.1319
2006-06-30,0.1305
2006-06-29,0.1122
2006-06-28,0.1456
2006-06-27,0.1524
2006-06-26,0.1351
2006-06-23,0.1473
2006-06-22,0.147
2006-06-21,0.139
2006-06-20,0.166
2006-06-19,0.1502
2006-06-16,0.1456
2006-06-15,0.16
2006-06-14,0.1752
2006-06-13,0.2042
2006-06-12,0.2117
2006-06-09,0.1579
2006-06-08,0.1646
2006-06-07,0.1791
2006-06-06,0.1489
2006-06-05,0.1556
2006-06-02,0.1364
2006-06-01,0.1322
2006-05-31,0.1373
2006-05-30,0.1566
2006-05-26,0.1212
2006-05-25,0.1262
2006-05-24,0.1539
2006-05-23,0.1539
2006-05-22,0.1451
2006-05-19,0.1248
2006-05-18,0.1195
2006-05-17,0.1328
2006-05-16,0.1186
2006-05-15,0.1119
2006-05-12,0.1175
2006-05-11,0.0972
2006-05-10,0.1182
2006-05-09,0.1116
2006-05-08,0.1088
2006-05-05,0.1008
2006-05-04,0.1016
2006-05-03,0.1131
2006-05-02,0.1092
2006-05-01,0.1202
2006-04-28,0.1129
2006-04-27,0.1159
2006-04-26,0.1013
2006-04-25,0.1023
2006-04-24,0.0957
2006-04-21,0.1001
2006-04-20,0.1097
2006-04-19,0.1114
2006-04-18,0.1122
2006-04-17,0.1184
2006-04-13,0.108
2006-04-12,0.1121
2006-04-11,0.1083
2006-04-10,0.1168
2006-04-07,0.1076
2006-04-06,0.1099
2006-04-05,0.1069
2006-04-04,0.1079
2006-04-03,0.1005
2006-03-31,0.1089
2006-03-30,0.1026
2006-03-29,0.0963
2006-03-28,0.1087
2006-03-27,0.1065
2006-03-24,0.1021
2006-03-23,0.0958
2006-03-22,0.1062
2006-03-21,0.103
2006-03-20,0.1138
2006-03-17,0.102
2006-03-16,0.1029
2006-03-15,0.0905
2006-03-14,0.1095
2006-03-13,0.1122
2006-03-10,0.0985
2006-03-09,0.1094
2006-03-08,0.1193
2006-03-07,0.1159
2006-03-06,0.1153
2006-03-03,0.1118
2006-03-02,0.1021
2006-03-01,0.0961
2006-02-28,0.1093
2006-02-27,0.1083
2006-02-24,0.1084
2006-02-23,0.1029
2006-02-22,0.103
2006-02-21,0.1136
2006-02-17,0.1001
2006-02-16,0.0918
2006-02-15,0.0986
2006-02-14,0.1059
2006-02-13,0.12
2006-02-10,0.1214
2006-02-09,0.1232
2006-02-08,0.1243
2006-02-07,0.1283
2006-02-06,0.1163
2006-02-03,0.1143
2006-02-02,0.1217
2006-02-01,0.114
2006-01-31,0.1283
2006-01-30,0.1058
2006-01-27,0.1068
2006-01-26,0.1064
2006-01-25,0.1145
2006-01-24,0.1269
2006-01-23,0.1369
2006-01-20,0.1205
2006-01-19,0.1111
2006-01-18,0.1139
2006-01-17,0.1184
2006-01-13,0.1042
2006-01-12,0.1093
2006-01-11,0.1033
2006-01-10,0.1038
2006-01-09,0.1049
2006-01-06,0.1116
2006-01-05,0.1061
2006-01-04,0.1103
2006-01-03,0.1099
2005-12-30,0.1066
2005-12-29,0.1023
2005-12-28,0.1064
2005-12-27,0.0962
2005-12-23,0.0934
2005-12-22,0.1001
2005-12-21,0.0996
2005-12-20,0.093
2005-12-19,0.0994
2005-12-16,0.0935
2005-12-15,0.0735
2005-12-14,0.0828
2005-12-13,0.0848
2005-12-12,0.0882
2005-12-09,0.0906
2005-12-08,0.0921
2005-12-07,0.0919
2005-12-06,0.0872
2005-12-05,0.1
2005-12-02,0.0895
2005-12-01,0.0944
2005-11-30,0.0976
2005-11-29,0.0944
2005-11-28,0.1093
2005-11-25,0.1007
2005-11-23,0.087
2005-11-22,0.101
2005-11-21,0.0895
2005-11-18,0.0878
2005-11-17,0.1007
2005-11-16,0.0989
2005-11-15,0.1106
2005-11-14,0.1136
2005-11-11,0.111
2005-11-10,0.1116
2005-11-09,0.124
2005-11-08,0.1217
2005-11-07,0.1147
2005-11-04,0.1143
2005-11-03,0.1269
2005-11-02,0.1194
2005-11-01,0.1348
2005-10-31,0.1321
2005-10-28,0.1319
2005-10-27,0.154
2005-10-26,0.1414
2005-10-25,0.1342
2005-10-24,0.1454
2005-10-21,0.1598
2005-10-20,0.1701
2005-10-19,0.1364
2005-10-18,0.1504
2005-10-17,0.1454
2005-10-14,0.1493
2005-10-13,0.1627
2005-10-12,0.1496
2005-10-11,0.1637
2005-10-10,0.1568
2005-10-07,0.1419
2005-10-06,0.1583
2005-10-05,0.144
2005-10-04,0.1325
2005-10-03,0.1275
2005-09-30,0.1182
2005-09-29,0.1297
2005-09-28,0.1182
2005-09-27,0.1188
2005-09-26,0.1233
2005-09-23,0.1253
2005-09-22,0.1392
2005-09-21,0.136
2005-09-20,0.1377
2005-09-19,0.1275
2005-09-16,0.1122
2005-09-15,0.1232
2005-09-14,0.1271
2005-09-13,0.1232
2005-09-12,0.1139
2005-09-09,0.1207
2005-09-08,0.1171
2005-09-07,0.1215
2005-09-06,0.1178
2005-09-02,0.1175
2005-09-01,0.1226
2005-08-31,0.1258
2005-08-30,0.1107
2005-08-29,0.1078
2005-08-26,0.1293
2005-08-25,0.1184
2005-08-24,0.124
2005-08-23,0.1254
2005-08-22,0.1242
2005-08-19,0.1188
2005-08-18,0.1156
2005-08-17,0.1192
2005-08-16,0.1167
2005-08-15,0.123
2005-08-12,0.1164
2005-08-11,0.1256
2005-08-10,0.1167
2005-08-09,0.1253
2005-08-08,0.1273
2005-08-05,0.1146
2005-08-04,0.1248
2005-08-03,0.1102
2005-08-02,0.11
2005-08-01,0.1184
2005-07-29,0.109
2005-07-28,0.0988
2005-07-27,0.0891
2005-07-26,0.0918
2005-07-25,0.1074
2005-07-22,0.1038
2005-07-21,0.1096
2005-07-20,0.0936
2005-07-19,0.1029
2005-07-18,0.1029
2005-07-15,0.1145
2005-07-14,0.1063
2005-07-13,0.1309
2005-07-12,0.1306
2005-07-11,0.1266
2005-07-08,0.1087
2005-07-07,0.1325
2005-07-06,0.1324
2005-07-05,0.1079
2005-07-01,0.1134
2005-06-30,0.1226
2005-06-29,0.1164
2005-06-28,0.1082
2005-06-27,0.1284
2005-06-24,0.1212
2005-06-23,0.1332
2005-06-22,0.1173
2005-06-21,0.1055
2005-06-20,0.1067
2005-06-17,0.1225
2005-06-16,0.1197
2005-06-15,0.1162
2005-06-14,0.1186
2005-06-13,0.1207
2005-06-10,0.1213
2005-06-09,0.1245
2005-06-08,0.1241
2005-06-07,0.1178
2005-06-06,0.1248
2005-06-03,0.1232
2005-06-02,0.1251
2005-06-01,0.1221
2005-05-31,0.1218
2005-05-27,0.1144
2005-05-26,0.1165
2005-05-25,0.1174
2005-05-24,0.1143
2005-05-23,0.1171
2005-05-20,0.1038
2005-05-19,0.116
2005-05-18,0.1213
2005-05-17,0.1367
2005-05-16,0.1474
2005-05-13,0.1647
2005-05-12,0.1572
2005-05-11,0.1449
2005-05-10,0.1453
2005-05-09,0.1353
2005-05-06,0.1413
2005-05-05,0.1423
2005-05-04,0.1302
2005-05-03,0.1443
2005-05-02,0.1542
2005-04-29,0.1617
2005-04-28,0.1652
2005-04-27,0.1445
2005-04-26,0.1491
2005-04-25,0.141
2005-04-22,0.1585
2005-04-21,0.1353
2005-04-20,0.1633
2005-04-19,0.1489
2005-04-18,0.1693
2005-04-15,0.1774
2005-04-14,0.1475
2005-04-13,0.1463
2005-04-12,0.121
2005-04-11,0.1343
2005-04-08,0.1376
2005-04-07,0.13
2005-04-06,0.1377
2005-04-05,0.1373
2005-04-04,0.1362
2005-04-01,0.1388
2005-03-31,0.1343
2005-03-30,0.1167
2005-03-29,0.1411
2005-03-28,0.1271
2005-03-24,0.1207
2005-03-23,0.1409
2005-03-22,0.1399
2005-03-21,0.129
2005-03-18,0.1307
2005-03-17,0.1376
2005-03-16,0.1306
2005-03-15,0.1257
2005-03-14,0.1188
2005-03-11,0.111
2005-03-10,0.1228
2005-03-09,0.1429
2005-03-08,0.1191
2005-03-07,0.1236
2005-03-04,0.1173
2005-03-03,0.1158
2005-03-02,0.1217
2005-03-01,0.1132
2005-02-28,0.105
2005-02-25,0.0968
2005-02-24,0.0984
2005-02-23,0.1232
2005-02-22,0.1536
2005-02-18,0.0981
2005-02-17,0.1283
2005-02-16,0.0988
2005-02-15,0.0891
2005-02-14,0.1065
2005-02-11,0.1209
2005-02-10,0.1054
2005-02-09,0.1228
2005-02-08,0.1073
2005-02-07,0.114
2005-02-04,0.0909
2005-02-03,0.1216
2005-02-02,0.1075
2005-02-01,0.1078
2005-01-31,0.1118
2005-01-28,0.1323
2005-01-27,0.1114
2005-01-26,0.1243
2005-01-25,0.1324
2005-01-24,0.1505
2005-01-21,0.1433
2005-01-20,0.1475
2005-01-19,0.1466
2005-01-18,0.1163
2005-01-14,0.1175
2005-01-13,0.1311
2005-01-12,0.1237
2005-01-11,0.128
2005-01-10,0.1283
2005-01-07,0.1502
2005-01-06,0.1452
2005-01-05,0.1353
2005-01-04,0.1377
2005-01-03,0.138
2004-12-31,0.125
2004-12-30,0.1174
2004-12-29,0.1269
2004-12-28,0.1141
2004-12-27,0.1127
2004-12-23,0.1045
2004-12-22,0.1109
2004-12-21,0.1241
2004-12-20,0.1205
2004-12-17,0.1308
2004-12-16,0.1026
2004-12-15,0.0868
2004-12-14,0.1045
2004-12-13,0.1058
2004-12-10,0.1108
2004-12-09,0.1088
2004-12-08,0.1223
2004-12-07,0.1263
2004-12-06,0.1484
2004-12-03,0.1257
2004-12-02,0.1122
2004-12-01,0.1093
2004-11-30,0.114
2004-11-29,0.1344
2004-11-26,0.122
2004-11-24,0.1178
2004-11-23,0.1235
2004-11-22,0.1213
2004-11-19,0.1229
2004-11-18,0.1303
2004-11-17,0.1262
2004-11-16,0.1194
2004-11-15,0.1174
2004-11-12,0.126
2004-11-11,0.1081
2004-11-10,0.1015
2004-11-09,0.1051
2004-11-08,0.1265
2004-11-05,0.1257
2004-11-04,0.1254
2004-11-03,0.1035
2004-11-02,0.1655
2004-11-01,0.1451
2004-10-29,0.1393
2004-10-28,0.1468
2004-10-27,0.133
2004-10-26,0.1475
2004-10-25,0.1657
2004-10-22,0.1396
2004-10-21,0.1285
2004-10-20,0.1356
2004-10-19,0.1497
2004-10-18,0.1317
2004-10-15,0.1528
2004-10-14,0.1582
2004-10-13,0.1497
2004-10-12,0.1465
2004-10-11,0.1429
2004-10-08,0.1392
2004-10-07,0.1456
2004-10-06,0.1018
2004-10-05,0.1388
2004-10-04,0.1339
2004-10-01,0.1116
2004-09-30,0.1147
2004-09-29,0.1245
2004-09-28,0.1376
2004-09-27,0.1456
2004-09-24,0.1311
2004-09-23,0.1295
2004-09-22,0.1374
2004-09-21,0.1279
2004-09-20,0.1311
2004-09-17,0.1251
2004-09-16,0.1324
2004-09-15,0.1388
2004-09-14,0.1221
2004-09-13,0.1412
2004-09-10,0.1333
2004-09-09,0.1253
2004-09-08,0.1377
2004-09-07,0.1326
2004-09-03,0.1242
2004-09-02,0.1271
2004-09-01,0.1275
2004-08-31,0.124
2004-08-30,0.1318
2004-08-27,0.123
2004-08-26,0.1193
2004-08-25,0.1039
2004-08-24,0.1377
2004-08-23,0.1234
2004-08-20,0.1245
2004-08-19,0.1507
2004-08-18,0.1163
2004-08-17,0.1454
2004-08-16,0.1394
2004-08-13,0.1573
2004-08-12,0.1571
2004-08-11,0.1468
2004-08-10,0.1457
2004-08-09,0.1695
2004-08-06,0.1691
2004-08-05,0.1634
2004-08-04,0.1301
2004-08-03,0.1367
2004-08-02,0.1335
2004-07-30,0.1335
2004-07-29,0.148
2004-07-28,0.1458
2004-07-27,0.1567
2004-07-26,0.1494
2004-07-23,0.1408
2004-07-22,0.1561
2004-07-21,0.1613
2004-07-20,0.135
2004-07-19,0.1345
2004-07-16,0.1428
2004-07-15,0.1483
2004-07-14,0.1438
2004-07-13,0.1479
2004-07-12,0.1555
2004-07-09,0.1434
2004-07-08,0.1508
2004-07-07,0.1454
2004-07-06,0.1372
2004-07-02,0.1405
2004-07-01,0.1604
2004-06-30,0.1307
2004-06-29,0.1516
2004-06-28,0.1608
2004-06-25,0.1148
2004-06-24,0.1174
2004-06-23,0.1167
2004-06-22,0.1288
2004-06-21,0.1493
2004-06-18,0.12
2004-06-17,0.1293
2004-06-16,0.129
2004-06-15,0.1268
2004-06-14,0.1441
2004-06-10,0.1303
2004-06-09,0.1562
2004-06-08,0.1278
2004-06-07,0.1314
2004-06-04,0.1513
2004-06-03,0.1603
2004-06-02,0.1534
2004-06-01,0.151
2004-05-28,0.1445
2004-05-27,0.1438
2004-05-26,0.1374
2004-05-25,0.1372
2004-05-24,0.1563
2004-05-21,0.1572
2004-05-20,0.1521
2004-05-19,0.166
2004-05-18,0.1661
2004-05-17,0.1837
2004-05-14,0.1774
2004-05-13,0.1563
2004-05-12,0.1616
2004-05-11,0.1691
2004-05-10,0.1812
2004-05-07,0.1873
2004-05-06,0.1419
2004-05-05,0.133
2004-05-04,0.1405
2004-05-03,0.1465
2004-04-30,0.1678
2004-04-29,0.1576
2004-04-28,0.1607
2004-04-27,0.1413
2004-04-26,0.1222
2004-04-23,0.1131
2004-04-22,0.1164
2004-04-21,0.1354
2004-04-20,0.1515
2004-04-19,0.1448
2004-04-16,0.1395
2004-04-15,0.1213
2004-04-14,0.1461
2004-04-13,0.1719
2004-04-12,0.1413
2004-04-08,0.1448
2004-04-07,0.1376
2004-04-06,0.1402
2004-04-05,0.1356
2004-04-02,0.1402
2004-04-01,0.1394
2004-03-31,0.1618
2004-03-30,0.1434
2004-03-29,0.1396
2004-03-26,0.1408
2004-03-25,0.1694
2004-03-24,0.1795
2004-03-23,0.206
2004-03-22,0.1849
2004-03-19,0.1784
2004-03-18,0.1547
2004-03-17,0.1749
2004-03-16,0.1813
2004-03-15,0.1976
2004-03-12,0.1705
2004-03-11,0.202
2004-03-10,0.1765
2004-03-09,0.156
2004-03-08,0.1549
2004-03-05,0.12
2004-03-04,0.1216
2004-03-03,0.1387
2004-03-02,0.1173
2004-03-01,0.1308
2004-02-27,0.1222
2004-02-26,0.1224
2004-02-25,0.1298
2004-02-24,0.1371
2004-02-23,0.1451
2004-02-20,0.1453
2004-02-19,0.1494
2004-02-18,0.1272
2004-02-17,0.1391
2004-02-13,0.129
2004-02-12,0.133
2004-02-11,0.1365
2004-02-10,0.1459
2004-02-09,0.1399
2004-02-06,0.1413
2004-02-05,0.1356
2004-02-04,0.1617
2004-02-03,0.1527
2004-02-02,0.1469
2004-01-30,0.1395
2004-01-29,0.1479
2004-01-28,0.1495
2004-01-27,0.1462
2004-01-26,0.1207
2004-01-23,0.1229
2004-01-22,0.1284
2004-01-21,0.1326
2004-01-20,0.1263
2004-01-16,0.1144
2004-01-15,0.1356
2004-01-14,0.1403
2004-01-13,0.1578
2004-01-12,0.1545
2004-01-09,0.1392
2004-01-08,0.1279
2004-01-07,0.1395
2004-01-06,0.145
2004-01-05,0.1698
2004-01-02,0.1574
2003-12-31,0.1777
2003-12-30,0.1592
2003-12-29,0.1238
2003-12-26,0.1508
2003-12-24,0.1414
2003-12-23,0.1429
2003-12-22,0.1466
2003-12-19,0.1441
2003-12-18,0.1357
2003-12-17,0.1354
2003-12-16,0.1384
2003-12-15,0.1514
2003-12-12,0.1498
2003-12-11,0.14
2003-12-10,0.1405
2003-12-09,0.1649
2003-12-08,0.1385
2003-12-05,0.1543
2003-12-04,0.1433
2003-12-03,0.1563
2003-12-02,0.1347
2003-12-01,0.1365
2003-11-28,0.1469
2003-11-26,0.148
2003-11-25,0.1519
2003-11-24,0.1499
2003-11-21,0.1525
2003-11-20,0.1821
2003-11-19,0.1668
2003-11-18,0.161
2003-11-17,0.1358
2003-11-14,0.1428
2003-11-13,0.1425
2003-11-12,0.1464
2003-11-11,0.1652
2003-11-10,0.1579
2003-11-07,0.1441
2003-11-06,0.1482
2003-11-05,0.1372
2003-11-04,0.1499
2003-11-03,0.1515
2003-10-31,0.1581
2003-10-30,0.1664
2003-10-29,0.1469
2003-10-28,0.1367
2003-10-27,0.1609
2003-10-24,0.153
2003-10-23,0.1521
2003-10-22,0.1794
2003-10-21,0.1684
2003-10-20,0.1605
2003-10-17,0.1493
2003-10-16,0.159
2003-10-15,0.1586
2003-10-14,0.1745
2003-10-13,0.1557
2003-10-10,0.1688
2003-10-09,0.1681
2003-10-08,0.1691
2003-10-07,0.1731
2003-10-06,0.1808
2003-10-03,0.1901
2003-10-02,0.1826
2003-10-01,0.1996
2003-09-30,0.2045
2003-09-29,0.2099
2003-09-26,
2003-09-25,0.1771
2003-09-24,0.1815
2003-09-23,0.1779
2003-09-22,0.177
2003-09-19,0.1633
2003-09-18,0.1617
2003-09-17,0.1837
2003-09-16,0.1729
2003-09-15,
2003-09-12,0.181
2003-09-11,0.1765
2003-09-10,0.1866
2003-09-09,0.1879
2003-09-08,0.1871
2003-09-05,0.1821
2003-09-04,0.1673
2003-09-03,0.1622
2003-09-02,0.1734
2003-08-29,0.1981
2003-08-28,0.1737
2003-08-27,0.1615
2003-08-26,0.1702
2003-08-25,0.1947
2003-08-22,0.1551
2003-08-21,0.1596
2003-08-20,0.1575
2003-08-19,0.1463
2003-08-18,0.1524
2003-08-15,0.1407
2003-08-14,0.1708
2003-08-13,0.1769
2003-08-12,
2003-08-11,0.1824
2003-08-08,0.1938
2003-08-07,0.1691
2003-08-06,0.1916
2003-08-05,0.2061
2003-08-04,0.196
2003-08-01,0.2084
2003-07-31,0.169
2003-07-30,0.1621
2003-07-29,0.1672
2003-07-28,0.1627
2003-07-25,0.157
2003-07-24,0.1559
2003-07-23,0.1964
2003-07-22,0.1763
2003-07-21,0.188
2003-07-18,0.2047
2003-07-17,0.1915
2003-07-16,0.1916
2003-07-15,0.1976
2003-07-14,0.1941
2003-07-11,0.1734
2003-07-10,0.1963
2003-07-09,0.1874
2003-07-08,0.1638
2003-07-07,0.19
2003-07-03,0.173
2003-07-02,0.2
2003-07-01,0.1661
2003-06-30,0.1775
2003-06-27,0.173
2003-06-26,0.1587
2003-06-25,0.2161
2003-06-24,0.1891
2003-06-23,0.1739
2003-06-20,0.1592
2003-06-19,0.1766
2003-06-18,0.1832
2003-06-17,0.1758
2003-06-16,0.1847
2003-06-13,0.2133
2003-06-12,
2003-06-11,
2003-06-10,0.2167
2003-06-09,0.1999
2003-06-06,0.1875
2003-06-05,0.1975
2003-06-04,0.1903
2003-06-03,0.1806
2003-06-02,0.1842
2003-05-30,0.1779
2003-05-29,0.198
2003-05-28,0.1814
2003-05-27,0.1621
2003-05-23,0.1878
2003-05-22,0.2065
2003-05-21,0.1801
2003-05-20,0.1704
2003-05-19,0.1938
2003-05-16,0.1679
2003-05-15,0.1834
2003-05-14,0.1898
2003-05-13,0.1855
2003-05-12,0.1928
2003-05-09,0.1869
2003-05-08,0.1833
2003-05-07,0.1893
2003-05-06,0.2283
2003-05-05,0.1857
2003-05-02,0.2177
2003-05-01,0.1958
2003-04-30,0.1571
2003-04-29,0.1976
2003-04-28,0.1982
2003-04-25,0.1883
2003-04-24,0.1783
2003-04-23,0.1832
2003-04-22,0.1854
2003-04-21,0.216
2003-04-17,0.2016
2003-04-16,0.2084
2003-04-15,0.2069
2003-04-14,0.2233
2003-04-11,0.2177
2003-04-10,0.2614
2003-04-09,0.2457
2003-04-08,0.2456
2003-04-07,0.2443
2003-04-04,0.2495
2003-04-03,0.2537
2003-04-02,0.2669
2003-04-01,0.2367
2003-03-31,0.2689
2003-03-28,0.2571
2003-03-27,0.264
2003-03-26,0.2545
2003-03-25,0.2874
2003-03-24,0.259
2003-03-21,0.2428
2003-03-20,0.2961
2003-03-19,0.2886
2003-03-18,0.264
2003-03-17,0.3108
2003-03-14,0.2726
2003-03-13,0.2787
2003-03-12,0.2811
2003-03-11,0.3254
2003-03-10,0.2977
2003-03-07,0.2514
2003-03-06,0.2519
2003-03-05,0.2366
2003-03-04,0.3035
2003-03-03,0.2955
2003-02-28,0.2865
2003-02-27,0.3058
2003-02-26,0.2663
2003-02-25,0.2514
2003-02-24,0.3025
2003-02-21,0.2521
2003-02-20,0.276
2003-02-19,0.3022
2003-02-18,0.3218
2003-02-14,0.3312
2003-02-13,0.3308
2003-02-12,0.3185
2003-02-11,0.2931
2003-02-10,0.2639
2003-02-07,0.313
2003-02-06,0.2769
2003-02-05,0.2554
2003-02-04,0.2709
2003-02-03,0.2853
2003-01-31,0.2494
2003-01-30,0.3109
2003-01-29,0.3325
2003-01-28,0.3273
2003-01-27,0.2812
2003-01-24,0.2978
2003-01-23,0.2273
2003-01-22,0.2685
2003-01-21,0.2728
2003-01-17,0.2571
2003-01-16,0.2779
2003-01-15,0.2675
2003-01-14,0.2386
2003-01-13,0.2397
2003-01-10,0.2401
2003-01-09,0.2265
2003-01-08,0.2493
2003-01-07,0.2366
2003-01-06,0.2949
2003-01-03,0.2624
2003-01-02,0.2894
2002-12-31,0.2693
2002-12-30,0.2846
2002-12-27,0.3203
2002-12-26,0.2816
2002-12-24,0.3204
2002-12-23,0.3103
2002-12-20,0.286
2002-12-19,0.2728
2002-12-18,0.2873
2002-12-17,0.2962
2002-12-16,0.3542
2002-12-13,0.2617
2002-12-12,0.2963
2002-12-11,0.3162
2002-11-29,0.2651
2002-11-27,0.2448
2002-11-26,0.2478
2002-11-25,0.2897
2002-11-22,0.2491
2002-11-21,0.2051
2002-11-20,0.3226
2002-11-19,0.335
2002-11-18,0.3202
2002-11-15,0.3325
2002-11-14,0.3071
2002-11-13,0.3537
2002-11-11,0.2838
2002-11-08,0.2967
2002-11-07,0.2544
2002-11-06,0.2628
2002-11-05,0.2111
2002-11-04,0.2776
2002-11-01,0.2292
2002-10-31,0.2594
2002-10-30,0.3108
2002-10-29,0.2992
2002-10-28,0.2956
2002-10-25,0.2371
2002-10-24,0.3209
2002-10-23,0.2686
2002-10-22,0.2906
2002-10-21,0.2926
2002-10-18,0.2512
2002-10-17,0.2416
2002-10-16,0.3232
2002-10-15,0.2508
2002-10-14,0.3342
2002-10-11,0.3359
2002-10-10,0.3689
2002-10-09,0.4034
2002-10-08,0.3736
2002-10-07,0.3598
2002-10-04,0.3456
2002-10-03,0.3494
2002-10-02,0.3068
2002-10-01,0.3225
2002-09-30,0.3464
2002-09-27,0.3541
2002-09-26,0.2715
2002-09-25,0.349
2002-09-24,0.3335
2002-09-23,0.3501
2002-09-20,0.3517
2002-09-19,0.3286
2002-09-18,0.3294
2002-09-17,0.3468
2002-09-16,0.3148
2002-09-13,0.3302
2002-09-12,0.3111
2002-09-11,0.3215
2002-09-10,0.3136
2002-09-09,0.3322
2002-09-06,0.3424
2002-09-05,0.3207
2002-09-04,0.3367
2002-09-03,0.3249
2002-08-30,0.2941
2002-08-29,0.3189
2002-08-28,0.2854
2002-08-27,0.2623
2002-08-26,0.2327
2002-08-23,0.3271
2002-08-22,0.3165
2002-08-21,0.3376
2002-08-20,0.3105
2002-08-19,0.3364
2002-08-16,0.378
2002-08-15,0.3762
2002-08-14,0.373
2002-08-13,0.3714
2002-08-12,0.372
2002-08-09,0.3313
2002-08-08,0.3626
2002-08-07,0.3792
2002-08-06,0.4011
2002-08-05,0.3842
2002-08-02,0.3453
2002-08-01,0.3335
2002-07-31,0.2975
2002-07-30,0.2913
2002-07-29,0.3044
2002-07-26,0.37
2002-07-25,0.3603
2002-07-24,0.3721
2002-07-23,0.4733
2002-07-22,0.3726
2002-07-19,0.3281
2002-07-18,0.3563
2002-07-17,0.3407
2002-07-16,0.3382
2002-07-15,0.3016
2002-07-12,0.3284
2002-07-11,0.3022
2002-07-10,0.2905
2002-07-09,0.2938
2002-07-08,0.273
2002-07-05,0.2456
2002-07-03,0.2655
2002-07-02,
2002-07-01,0.2856
2002-06-28,0.2725
2002-06-27,0.2574
2002-06-26,0.2603
2002-06-25,0.2547
2002-06-24,0.2518
2002-06-21,0.2707
2002-06-20,0.2182
2002-06-19,0.2137
2002-06-18,0.2161
2002-06-13,0.2339
2002-06-12,0.2354
2002-06-11,0.2326
2002-06-10,0.2198
2002-06-07,0.2161
2002-06-06,0.2415
2002-06-05,0.214
2002-06-04,0.2491
2002-06-03,0.2234
2002-05-29,0.2093
2002-05-28,0.1916
2002-05-24,0.183
2002-05-23,0.1622
2002-05-22,0.1806
2002-05-21,0.1821
2002-05-20,0.1685
2002-05-17,0.1749
2002-05-16,0.1612
2002-05-15,0.1863
2002-05-14,0.1877
2002-05-13,0.1877
2002-05-10,0.2081
2002-05-09,0.1877
2002-05-08,0.18
2002-05-07,0.2234
2002-05-06,0.2103
2002-05-03,0.1944
2002-05-02,0.2137
2002-05-01,0.1975
2002-04-30,0.2091
2002-04-29,0.2192
2002-04-26,0.2126
2002-04-25,0.1951
2002-04-24,0.2062
2002-04-23,0.1889
2002-04-22,0.1888
2002-04-19,0.2069
2002-04-18,0.1913
2002-04-17,0.1902
2002-04-16,0.1874
2002-04-15,0.1964
2002-04-12,0.1949
2002-04-11,0.2002
2002-04-10,0.1693
2002-04-09,0.1784
2002-04-08,0.1849
2002-04-05,0.1937
2002-04-04,0.1864
2002-04-03,0.1917
2002-04-02,0.1823
2002-04-01,0.1815
2002-03-28,0.1848
2002-03-27,0.1961
2002-03-26,0.186
2002-03-25,0.199
2002-03-22,0.187
2002-03-21,0.1806
2002-03-20,0.1929
2002-03-19,0.1941
2002-03-18,0.2
2002-03-15,0.2008